Time/Frame,X7,Y7,X11,Y11,X13,Y13,X15,Y15,X23,Y23,X25,Y25,X27,Y27,Arm Angle,Leg Angle,Shoulder Angle,Hip Angle,Label
data/answer/frame/0001/frame_0.jpg,316.0252046585083,352.4905776977539,358.4260153770447,419.03167724609375,440.04870414733887,483.8613510131836,360.07123947143555,546.822624206543,362.5850486755371,641.1733245849609,312.68566131591797,804.9398040771484,331.3797354698181,961.2203979492188,76.66988054645469,156.23287112036536,148.56680072684904,173.35854322263455,1
data/answer/frame/0001/frame_1.jpg,319.11287784576416,362.27550506591797,351.83027029037476,430.08758544921875,416.92771911621094,512.0546722412109,335.55829524993896,563.9661407470703,367.6264429092407,651.2941741943359,319.64794635772705,809.1524505615234,374.65468883514404,966.3398742675781,84.08050769208228,143.80701969346657,158.32852708164603,177.19347063426534,1
data/answer/frame/0001/frame_2.jpg,321.9704604148865,365.6745147705078,350.7696604728699,436.4857482910156,398.11891078948975,530.7062911987305,317.62109756469727,562.5942230224609,368.3140754699707,656.0492706298828,312.13228940963745,811.483154296875,418.9500617980957,966.6363525390625,84.92901694312599,125.58143508267068,162.43679848677505,175.308918081165,1
data/answer/frame/0001/frame_3.jpg,322.80909061431885,360.81398010253906,346.7399525642395,428.61717224121094,375.7625484466553,527.5978851318359,301.84616804122925,542.3715972900391,377.3896837234497,657.0162963867188,389.60922718048096,820.1349639892578,463.5106945037842,968.1187438964844,84.96089355110382,157.74710196324517,168.202796148184,172.16964226297983,1
data/answer/frame/0001/frame_4.jpg,322.9928970336914,352.25337982177734,345.082004070282,416.0338592529297,360.9515619277954,526.1198043823242,293.0538010597229,512.9535675048828,367.45529651641846,651.390380859375,267.79043912887573,781.4821624755859,402.1410655975342,880.6684112548828,70.82279589983905,88.98096801895679,166.32777688313453,176.8276715135586,1
data/answer/frame/0001/frame_5.jpg,325.2874517440796,342.72735595703125,343.34579944610596,406.9858932495117,357.9468011856079,509.80873107910156,296.02811336517334,487.72071838378906,384.89158630371094,639.8972702026367,444.71935272216797,793.5502624511719,523.9183330535889,941.8829345703125,62.28530057548242,173.1754029526402,174.4170501861473,165.39364067755275,1
data/answer/frame/0001/frame_6.jpg,327.3233985900879,333.98242950439453,343.09242725372314,396.3245391845703,355.8749771118164,502.60135650634766,314.54256534576416,477.40684509277344,387.49066829681396,630.1021575927734,443.0971097946167,780.5139923095703,543.3238363265991,920.2775573730469,51.77689850236085,164.64415772513294,176.55849246325602,162.5161783680229,1
data/answer/frame/0001/frame_7.jpg,327.01696157455444,330.2981948852539,344.338002204895,395.0645065307617,358.03494930267334,495.60462951660156,317.7084732055664,472.6666259765625,380.7681083679199,616.4501953125,434.22333240509033,775.1005554199219,561.9449329376221,891.9731140136719,52.61060105543912,151.0808847758286,174.37183315583397,156.0166616513052,1
data/answer/frame/0001/frame_8.jpg,327.0491051673889,328.8009262084961,340.02983808517456,388.49464416503906,360.5654525756836,488.0535888671875,319.3452215194702,483.39927673339844,372.7122116088867,613.5654830932617,422.3366403579712,783.3109283447266,572.5976371765137,865.05859375,71.90311625733494,134.84394074304976,175.99383958587651,149.78463459685148,1
data/answer/frame/0001/frame_9.jpg,324.5129370689392,335.30181884765625,337.5153851509094,392.6726531982422,376.06935024261475,487.43743896484375,314.3246841430664,503.46343994140625,366.2113952636719,618.0512619018555,400.81940174102783,791.8879699707031,561.6705751419067,838.1832122802734,82.41182799391805,117.31599403838462,174.4863460804404,145.6536034528038,1
data/answer/frame/0001/frame_10.jpg,323.92488956451416,346.5924835205078,337.31655836105347,402.2050094604492,384.87892627716064,489.4340133666992,318.2329201698303,527.2447967529297,368.0714750289917,625.4736328125,372.3815059661865,808.5539245605469,539.1838788986206,822.7391052246094,90.96606258377176,96.20943692170569,174.30381586170728,146.90396239984298,1
data/answer/frame/0001/frame_11.jpg,323.10256719589233,362.6329040527344,341.90747022628784,424.31617736816406,400.9429121017456,502.8287887573242,330.65274953842163,565.6941986083984,363.62733364105225,645.0002288818359,344.3866038322449,819.6055603027344,511.451940536499,811.1334991455078,94.86814379775876,80.80858853362983,168.66649778691823,143.95844575730268,1
data/answer/frame/0001/frame_12.jpg,321.0319447517395,371.2706756591797,343.07268619537354,435.4100799560547,414.7569751739502,501.72672271728516,355.7453942298889,585.4457855224609,358.8128113746643,660.8222961425781,312.4870276451111,823.3210754394531,482.16912746429443,810.9317779541016,97.59346105558205,69.91197584459852,165.0297038759814,144.58184379320005,1
data/answer/frame/0001/frame_13.jpg,319.8231911659241,371.2995910644531,345.86020946502686,434.07520294189453,427.05668449401855,489.5030212402344,377.85711765289307,583.162727355957,360.45005321502686,655.9715270996094,286.3797354698181,810.4932403564453,454.4343137741089,819.8515319824219,96.60593449723467,67.57645188300144,161.2349457616444,153.92779578649748,1
data/answer/frame/0001/frame_14.jpg,319.0531826019287,361.4283752441406,350.3809118270874,425.6284713745117,445.621132850647,466.15013122558594,397.2397041320801,562.2587203979492,361.8781042098999,649.7030639648438,263.77506494522095,788.8729858398438,413.72254371643066,841.6818237304688,86.32733970216327,74.22075450474107,156.9262578455854,167.82484618130914,1
data/answer/frame/0001/frame_15.jpg,313.1639313697815,343.1334686279297,355.7823872566223,407.55786895751953,455.2287197113037,439.9788284301758,408.97284507751465,530.4726409912109,369.87160205841064,639.3692016601562,252.3133635520935,768.8912963867188,385.2987241744995,864.2420959472656,80.98289827984831,83.41275643026201,149.99239328265494,179.55353454797833,1
data/answer/frame/0001/frame_16.jpg,315.42312383651733,329.2991638183594,355.9610867500305,387.21290588378906,459.41094875335693,410.4119873046875,412.2468566894531,498.09837341308594,360.01386165618896,626.4604568481445,254.54652786254883,754.2276763916016,355.7132935523987,891.0291290283203,74.36512900164689,103.97803688392335,145.979558579718,178.09825932010182,1
data/answer/frame/0001/frame_17.jpg,315.3067374229431,322.4867248535156,359.87797021865845,383.4653854370117,463.6024475097656,395.80562591552734,415.6157970428467,481.97044372558594,350.9080410003662,610.3034210205078,252.90744066238403,752.8993988037109,314.9790573120117,916.2845611572266,67.67048881458618,124.69851886273146,141.57126321631407,175.56735574561017,1
data/answer/frame/0001/frame_18.jpg,314.05841588974,319.4484519958496,358.45309495925903,380.5805206298828,462.85460472106934,394.5478820800781,411.860146522522,479.55501556396484,352.7815318107605,614.4930267333984,262.9305124282837,763.9971160888672,274.20377254486084,934.957275390625,66.66118278842401,145.22172572608721,142.62354596119582,167.61185295996168,1
data/answer/frame/0001/frame_19.jpg,313.494508266449,327.5933837890625,361.72043323516846,388.7952423095703,462.92558670043945,412.0276641845703,404.6772336959839,489.4470977783203,358.3340048789978,618.594970703125,280.7254672050476,776.8659973144531,255.17369270324707,944.6327209472656,65.97184941088744,162.53878181234037,140.9182738975596,163.28658861350917,1
data/answer/frame/0001/frame_20.jpg,317.41379499435425,335.4966735839844,363.3974361419678,397.78968811035156,459.1115713119507,437.2853088378906,395.50549507141113,509.2800521850586,360.1008081436157,632.4553298950195,292.4769973754883,786.1982727050781,266.7124271392822,953.8954162597656,70.96304858625302,164.99219678732015,142.76103967538938,164.60461854052443,1
data/answer/frame/0001/frame_21.jpg,316.43579721450806,347.6398468017578,361.9664669036865,416.9868469238281,447.60918617248535,469.9517822265625,374.6398401260376,538.9351654052734,358.561155796051,654.569091796875,294.7573471069336,801.8532562255859,293.0988836288452,959.9089813232422,75.12591489442065,157.17881513499816,145.89140643628045,168.72062390202166,1
data/answer/frame/0002/frame_0.jpg,319.63895559310913,354.9549102783203,359.45377349853516,422.7507781982422,446.32829189300537,479.0078353881836,367.6615047454834,542.6513671875,358.4292984008789,659.1449737548828,296.20861530303955,803.4039306640625,302.40222215652466,965.2743530273438,71.89953882288364,154.47763739427685,149.32704468453716,169.87694738116582,1
data/answer/frame/0002/frame_1.jpg,321.6950297355652,368.00411224365234,355.0681686401367,434.81685638427734,426.72306060791016,508.92730712890625,348.929386138916,565.9545135498047,358.444983959198,661.5608215332031,307.1403765678406,814.1632843017578,345.8957004547119,970.4338073730469,82.20865650920194,147.48904748317923,154.31097495179745,176.82017191812156,1
data/answer/frame/0002/frame_2.jpg,319.4707703590393,369.0199279785156,350.90023040771484,435.39974212646484,405.4553747177124,527.7965545654297,323.96623849868774,567.7373123168945,366.0541534423828,653.4581756591797,312.1434688568115,813.5057067871094,390.98732471466064,967.7524566650391,85.55166430900914,134.3102958586014,158.6387854956562,179.43955365316947,1
data/answer/frame/0002/frame_3.jpg,322.21752405166626,361.4814758300781,346.87329053878784,429.9929428100586,383.925518989563,534.879264831543,303.72515201568604,549.7646331787109,369.8800992965698,665.2279663085938,302.9113483428955,809.3739318847656,457.9329013824463,837.8634643554688,81.05825995702003,75.49439615485765,165.79327650622162,158.56208965438657,1
data/answer/frame/0002/frame_4.jpg,324.44796323776245,351.2014389038086,344.1902446746826,416.61521911621094,368.16425800323486,523.4921264648438,300.6847929954529,519.7031784057617,383.36238384246826,650.8219146728516,395.9016466140747,808.3248901367188,477.2973346710205,956.282958984375,74.14325620076256,155.73551228922682,172.70095548268452,172.401456573842,1
data/answer/frame/0002/frame_5.jpg,324.64751958847046,336.5675354003906,344.33456897735596,400.5357360839844,364.14210319519043,507.72533416748047,298.4705114364624,490.6953811645508,380.03386974334717,644.6112823486328,421.79861068725586,793.0807495117188,511.48176670074463,944.7866821289062,64.9927199535378,165.1213220785873,171.21483483547968,164.67248136881557,1
data/answer/frame/0002/frame_6.jpg,327.2157669067383,328.61751556396484,344.1123962402344,393.5692596435547,361.61726474761963,503.92833709716797,304.557580947876,471.8295669555664,380.28136253356934,627.8896331787109,442.47543811798096,785.2943420410156,533.1704092025757,928.5023498535156,51.62716871935157,169.2136072203272,174.19294930120498,161.81724924450256,1
data/answer/frame/0002/frame_7.jpg,327.0262098312378,330.32981872558594,342.72271156311035,388.6504364013672,361.07133865356445,492.6071548461914,305.8157730102539,462.84008026123047,385.83194732666016,623.2570648193359,441.65794372558594,781.0527038574219,557.1450662612915,908.8685607910156,51.67817263353549,157.3839323035311,175.34829437029475,159.45619306975814,1
data/answer/frame/0002/frame_8.jpg,328.52185249328613,328.28514099121094,344.00251150131226,387.0304870605469,361.945481300354,487.6679229736328,309.52380895614624,465.6536102294922,373.96512508392334,615.1322174072266,430.89850902557373,778.9570617675781,572.8671455383301,879.2808532714844,57.110964306798415,144.41104925529416,172.72027876422268,150.50383724733084,1
data/answer/frame/0002/frame_9.jpg,326.7029929161072,330.6352996826172,340.5239009857178,387.74078369140625,365.66195011138916,485.7896423339844,305.4669141769409,469.53983306884766,367.47177600860596,615.5082321166992,410.3013753890991,790.7033538818359,575.244312286377,848.6380767822266,60.51303071211033,123.0909076426158,173.14213134874817,145.03906068587168,1
data/answer/frame/0002/frame_10.jpg,321.95035457611084,336.8070983886719,337.6908874511719,392.08221435546875,381.11632347106934,484.8695373535156,314.89734649658203,504.364013671875,362.0158624649048,621.8246459960938,395.6988286972046,804.4393157958984,565.8691549301147,827.9585266113281,81.3240330731158,108.31963929952398,170.14871304151922,141.36263025719978,1
data/answer/frame/0002/frame_11.jpg,325.5413603782654,344.0402603149414,342.4775791168213,398.22731018066406,396.33903980255127,487.3800277709961,319.10534620285034,535.4241180419922,359.7466707229614,631.8245315551758,368.07636737823486,814.7322082519531,543.6609363555908,810.6912994384766,90.74594317227371,91.28909945781356,166.8713129801178,138.43087720367367,1
data/answer/frame/0002/frame_12.jpg,325.2747702598572,356.57264709472656,343.8618779182434,412.5465393066406,407.4121856689453,498.77429962158203,333.110146522522,561.895637512207,366.03333950042725,645.7125854492188,335.2655053138733,818.8471984863281,509.7444677352905,807.5099182128906,93.95827947483565,76.20540585200904,167.06220318250737,143.81982579645506,1
data/answer/frame/0002/frame_13.jpg,324.6999192237854,363.4654235839844,345.0858664512634,423.99837493896484,415.45984268188477,495.4049301147461,354.8557376861572,580.412483215332,359.53539848327637,660.4558563232422,308.49849700927734,820.0672912597656,477.33685970306396,809.31640625,99.93121145110064,68.62452520274573,164.8846964232062,145.14041580538714,1
data/answer/frame/0002/frame_14.jpg,327.1672296524048,365.2557373046875,348.3874297142029,424.129638671875,433.43154430389404,481.0142517089844,381.2080764770508,572.6725387573242,356.0546851158142,650.5752563476562,286.85691118240356,805.8651733398438,454.95354652404785,824.6871948242188,94.10504039056991,72.37094552755886,162.11832046659103,152.3418541596326,1
data/answer/frame/0002/frame_15.jpg,326.8159246444702,361.6352844238281,355.7220482826233,423.6601257324219,450.48803329467773,464.1444396972656,397.01006412506104,553.6867523193359,363.0952262878418,648.2329559326172,259.59075450897217,796.5504455566406,412.2730350494385,854.0663909912109,82.28511390969715,75.73201566469712,156.89300766343376,168.4432283854347,1
data/answer/frame/0002/frame_16.jpg,323.2946562767029,349.5439147949219,366.6405487060547,410.41046142578125,466.4340877532959,442.7692413330078,409.3603706359863,535.4263305664062,365.4817485809326,648.72314453125,250.90683460235596,783.7767791748047,387.7777290344238,893.6235046386719,76.33396093373062,88.43889602992013,144.26496812250494,174.51947406313192,1
data/answer/frame/0002/frame_17.jpg,320.0109028816223,341.3501739501953,362.9628324508667,405.3948974609375,471.9202136993408,425.0288391113281,417.1339273452759,512.8675079345703,354.53591108322144,641.2964630126953,252.40749835968018,779.6525573730469,347.96507835388184,925.933837890625,68.26257743704167,110.41248536209723,144.10615051871633,179.2765729544175,1
data/answer/frame/0002/frame_18.jpg,314.64144229888916,335.62889099121094,358.79916429519653,399.12742614746094,469.203200340271,418.80287170410156,412.8767681121826,502.21519470214844,352.33036279678345,632.9179000854492,261.4308571815491,785.7514953613281,301.3199186325073,950.8577728271484,66.07451817139071,135.6752762470555,143.59981184796303,172.4700393544685,1
data/answer/frame/0002/frame_19.jpg,310.20485401153564,337.1172332763672,356.1718225479126,400.2288818359375,467.7334785461426,418.23509216308594,411.0057020187378,498.11962127685547,345.44427394866943,638.8908767700195,265.52828550338745,795.4372406005859,264.47595834732056,964.4788360595703,63.78914521632049,153.31263476042807,141.35887566783447,168.60841659226915,1
data/answer/frame/0002/frame_20.jpg,309.7531056404114,339.5561218261719,360.8029890060425,406.12098693847656,464.24081325531006,429.03465270996094,399.68871116638184,508.6735534667969,352.22519874572754,639.5426559448242,275.8886933326721,800.2174377441406,250.55956363677979,976.1549377441406,63.463684672058264,162.7800219595474,140.4101422473333,165.29888366575156,1
data/answer/frame/0002/frame_21.jpg,310.80609798431396,351.65271759033203,362.4652290344238,415.7310104370117,458.64628314971924,452.7141571044922,389.81740951538086,524.534797668457,356.03713274002075,651.5461730957031,284.35086965560913,804.8838043212891,267.05055713653564,982.8092193603516,67.25110572652903,160.49724059499744,139.56322568342623,166.52515285713764,1
data/answer/frame/0002/frame_22.jpg,313.55679988861084,363.1880187988281,360.42181491851807,433.6797332763672,448.0687665939331,486.85047149658203,374.3575429916382,550.5562591552734,357.04407691955566,673.2431030273438,292.89902687072754,824.7666931152344,298.9597249031067,994.1596984863281,72.0785579844594,155.00631272870615,145.57505151502835,170.54859830388713,1
data/answer/frame/0003/frame_0.jpg,312.79537439346313,359.20005798339844,362.75224685668945,430.7688903808594,450.8375358581543,478.9320373535156,374.89716053009033,544.9777221679688,354.69040632247925,670.8404541015625,288.0511164665222,820.9519958496094,288.7032151222229,992.5721740722656,69.68252279709719,155.84433865148404,143.16064926833215,170.33269893236897,1
data/answer/frame/0003/frame_1.jpg,314.55265045166016,374.2878723144531,354.974570274353,442.5940704345703,437.5945472717285,512.6753616333008,355.5292296409607,570.809326171875,356.4448928833008,679.2493438720703,302.96398401260376,833.7183380126953,330.19091606140137,996.9407653808594,75.61907291567331,151.4326629866252,149.73997224528856,174.91984916522307,1
data/answer/frame/0003/frame_2.jpg,312.1474814414978,386.7094421386719,343.5986566543579,454.1568374633789,410.9037780761719,539.9394989013672,327.9538679122925,590.8512496948242,357.16840267181396,676.8219757080078,308.40095043182373,841.5241241455078,368.68988513946533,996.0604858398438,83.42239590538344,142.19411123568048,158.48747177022406,178.57950844643605,1
data/answer/frame/0003/frame_3.jpg,307.65634775161743,387.79308319091797,334.9846887588501,457.7791213989258,383.84779930114746,557.919807434082,298.84342432022095,586.5377044677734,358.5547399520874,681.8297576904297,305.93138694763184,840.0783538818359,410.0394630432129,997.3345184326172,82.59670326032375,128.10047926044035,164.6756198811213,176.7374507377464,1
data/answer/frame/0003/frame_4.jpg,303.4423828125,380.96832275390625,323.66613149642944,447.00733184814453,353.301944732666,552.718391418457,278.925576210022,563.2216644287109,350.01862049102783,687.1626281738281,287.60619163513184,828.9216613769531,438.53516578674316,913.8555908203125,82.37733833475482,95.60572945012919,169.23541787884855,164.93297402324842,1
data/answer/frame/0003/frame_5.jpg,296.4565372467041,368.61549377441406,321.2024259567261,434.5496368408203,341.93942070007324,544.3567657470703,271.2985324859619,531.673583984375,361.43298625946045,676.3553619384766,397.6101493835449,828.3273315429688,487.08048820495605,979.2584991455078,69.12699017763323,162.7311322954075,168.87436610886414,166.9168892042612,1
data/answer/frame/0003/frame_6.jpg,300.49495697021484,358.3779525756836,318.57396841049194,421.86012268066406,334.76511240005493,528.1026077270508,268.0385112762451,502.3080825805664,350.67522525787354,658.172607421875,421.46374225616455,815.9738159179688,511.7255687713623,966.3917541503906,60.199885472989706,173.19381510556386,171.839485125409,160.14792457857016,1
data/answer/frame/0003/frame_7.jpg,307.92004108428955,348.25122833251953,320.6130266189575,412.8925323486328,336.111216545105,520.6307983398438,289.59439516067505,493.12854766845703,364.5771360397339,653.06640625,430.69719314575195,803.7728118896484,536.0605001449585,939.8444366455078,51.221181754815184,165.93728443583166,179.26394228708585,159.4952491492368,1
data/answer/frame/0003/frame_8.jpg,310.0349521636963,344.32151794433594,323.35381507873535,407.20367431640625,339.87781047821045,510.97137451171875,288.50698471069336,489.05887603759766,363.9456367492676,643.6888885498047,432.24862575531006,802.9108428955078,559.1571521759033,916.6841888427734,57.85124258101296,155.0945403394463,177.7808113527615,154.1721709367322,1
data/answer/frame/0003/frame_9.jpg,310.83386421203613,342.021484375,325.3269553184509,405.6241226196289,345.87879180908203,500.69828033447266,295.075306892395,501.27017974853516,355.6489849090576,634.6074295043945,412.8767251968384,802.4134063720703,566.0834312438965,879.4077301025391,78.44721570457824,135.5130845407375,174.70646969044088,146.86032905455153,1
data/answer/frame/0003/frame_10.jpg,310.44264793395996,348.62552642822266,325.38896799087524,403.7590789794922,362.37622261047363,503.1289291381836,299.8608613014221,521.5081787109375,356.66704416275024,630.764045715332,396.55941009521484,812.4148559570312,564.1914653778076,851.93115234375,85.96693489890532,115.65042113252446,172.67722282298047,144.66791748699603,1
data/answer/frame/0003/frame_11.jpg,311.8998169898987,359.3270492553711,332.14693307876587,413.2410430908203,377.8298234939575,503.80001068115234,310.4581832885742,554.2406463623047,362.8542137145996,653.5796356201172,364.6310806274414,829.2180633544922,542.3892688751221,835.3575897216797,100.0530468425901,92.55775181655731,166.69764406574387,142.63671372151435,1
data/answer/frame/0003/frame_12.jpg,312.9284334182739,375.07835388183594,336.75320863723755,433.4035873413086,393.3581829071045,522.4832916259766,319.8483610153198,589.3181228637695,357.9061818122864,667.6914978027344,329.8399329185486,838.2402801513672,509.32106494903564,832.9067993164062,99.84339738218193,78.95280944227123,162.9399290037115,142.65470601836634,1
data/answer/frame/0003/frame_13.jpg,310.62896490097046,387.6856231689453,336.9849944114685,447.3206329345703,407.81593322753906,522.5849151611328,344.6907448768616,604.1850662231445,358.95623445510864,676.0297393798828,308.10174465179443,842.5588226318359,480.1548099517822,831.0540771484375,99.0129062996885,69.19290129677488,161.64405217199794,147.46893324241233,1
data/answer/frame/0003/frame_14.jpg,308.3623266220093,390.76709747314453,338.08836936950684,447.42431640625,421.44567489624023,505.8634948730469,371.24030113220215,597.2968673706055,357.4313449859619,671.7936706542969,274.2915344238281,825.6572723388672,441.02399826049805,844.9625396728516,96.2622301608244,68.22017439189835,157.24289974827198,159.1596223600385,1
data/answer/frame/0003/frame_15.jpg,313.1731367111206,375.07965087890625,351.6388463973999,440.4064178466797,446.5451431274414,482.6540756225586,389.32075023651123,575.3043746948242,361.15618228912354,674.310302734375,259.1032147407532,811.4042663574219,408.47352504730225,858.0964660644531,82.29522253177413,70.69485267137587,151.83959834066238,167.89228297018983,1
data/answer/frame/0003/frame_16.jpg,315.59497833251953,361.1347961425781,358.30289125442505,422.07984924316406,458.0434513092041,455.3379821777344,406.1186742782593,547.0046997070312,362.6501512527466,661.3471984863281,248.45375061035156,786.7796325683594,388.7798023223877,889.9664306640625,78.91131749574225,84.01297754631148,146.01962453186377,174.5206633406412,1
data/answer/frame/0003/frame_17.jpg,311.7811346054077,346.4605712890625,363.96838188171387,409.81414794921875,467.53581047058105,436.3807678222656,416.70520305633545,523.11279296875,354.26442861557007,637.4257659912109,249.59094285964966,775.2523803710938,349.0203022956848,915.9780883789062,74.01396008173077,107.54185517618302,138.0788910280336,178.63728388119296,1
data/answer/frame/0003/frame_18.jpg,314.4714117050171,338.9570617675781,363.55884075164795,398.79661560058594,472.4969959259033,417.7046203613281,420.54492473602295,502.65724182128906,354.22280073165894,637.0269775390625,258.3984160423279,776.8756866455078,308.50431203842163,941.4666748046875,68.39900323439178,128.64939369038368,138.39315082406114,173.70378843184687,1
data/answer/frame/0003/frame_19.jpg,311.8916845321655,334.71118927001953,361.77334785461426,398.24440002441406,470.1633024215698,414.1797637939453,418.21796894073486,496.84898376464844,352.66510248184204,638.7131881713867,266.0112977027893,783.5435485839844,271.42873764038086,951.4863586425781,66.22037839537029,147.25980610155418,139.69441346421274,167.60946869206597,1
data/answer/frame/0003/frame_20.jpg,302.0990037918091,336.53072357177734,353.6045837402344,399.45953369140625,459.62127685546875,428.8877487182617,397.6197624206543,506.7173385620117,343.9962673187256,638.185920715332,265.52011013031006,788.7514495849609,245.6800675392151,958.0039215087891,66.97170473305891,159.15684468400715,138.3957646819587,165.2167032893516,1
data/answer/frame/0003/frame_21.jpg,302.25186824798584,346.28929138183594,357.66491174697876,407.72422790527344,452.48119354248047,449.4742965698242,384.70932483673096,524.5718383789062,350.95237255096436,655.6020355224609,270.505735874176,796.8950653076172,258.25273990631104,968.7747955322266,71.70042680408369,154.42214770029992,136.39900038278307,165.0623554064379,1
data/answer/frame/0004/frame_0.jpg,371.3661289215088,360.69297790527344,406.8992614746094,431.1294937133789,476.143856048584,512.7812576293945,389.4154214859009,558.358039855957,406.1955785751343,657.9413604736328,353.2198691368103,813.7272644042969,390.120005607605,974.0850830078125,77.42290258653543,148.26034617198138,153.05265113086776,177.2668368512118,1
data/answer/frame/0004/frame_1.jpg,331.9362187385559,367.5396728515625,356.17873191833496,437.4890899658203,408.63553047180176,536.0834884643555,315.5197477340698,561.8360137939453,370.0681972503662,658.3603668212891,318.2545495033264,817.3297882080078,401.21593952178955,978.7627410888672,77.44450670208766,134.7485034868703,164.48341358116352,178.04577026872633,1
data/answer/frame/0004/frame_2.jpg,328.39898586273193,366.86939239501953,346.49449825286865,436.795654296875,378.994460105896,540.1981353759766,297.34668731689453,547.0041656494141,364.18128490448,668.070068359375,256.788125038147,800.093994140625,419.4660758972168,832.0094299316406,77.31685300280321,61.97357379293034,169.86448360153182,165.7377021796104,1
data/answer/frame/0004/frame_3.jpg,328.5754323005676,359.6405792236328,348.9132285118103,429.0984344482422,364.28350925445557,536.876106262207,287.98577785491943,515.0787353515625,382.0011520385742,669.7913360595703,406.0103988647461,826.7882537841797,488.5231304168701,969.9295043945312,65.93969884230594,158.73378755722484,171.50692108969534,168.28708651933744,1
data/answer/frame/0004/frame_4.jpg,325.9505367279053,351.45687103271484,344.27807092666626,420.74573516845703,357.71656036376953,530.3958129882812,295.4351735115051,492.2332000732422,375.86970806121826,656.0173797607422,433.56552600860596,810.859375,518.259687423706,955.3386688232422,51.51511182454978,170.05699307948746,172.83183414043833,162.20689976683724,1
data/answer/frame/0004/frame_5.jpg,327.31515884399414,346.4665222167969,343.55801582336426,413.7057113647461,355.073983669281,518.4968948364258,298.6755609512329,477.33421325683594,375.4753589630127,648.2456970214844,444.2517900466919,802.9204559326172,541.9154834747314,934.3408203125,47.60464654045306,167.3549089670474,174.16881842080724,157.56013910281663,1
data/answer/frame/0004/frame_6.jpg,330.415620803833,343.2478332519531,342.65657901763916,406.4839553833008,356.59664154052734,503.48133087158203,307.96634674072266,477.75970458984375,376.6967725753784,636.320915222168,434.8918676376343,794.3264770507812,570.7978534698486,902.5566864013672,53.94634352188964,148.7517222234929,177.46904141353812,152.33041097516778,1
data/answer/frame/0004/frame_7.jpg,329.00379180908203,342.5658416748047,341.2749409675598,405.6007385253906,363.5051107406616,500.3059387207031,312.31656789779663,491.26670837402344,371.5230703353882,634.7748947143555,423.2694911956787,799.6752166748047,578.312029838562,866.1634826660156,66.77565234805726,130.633613078379,176.5027471573492,145.73212436725842,1
data/answer/frame/0004/frame_8.jpg,331.12831592559814,346.95960998535156,337.7468490600586,409.00123596191406,378.2463598251343,502.16060638427734,312.12274074554443,511.9952392578125,365.60856342315674,641.5635681152344,403.23081493377686,815.1541137695312,572.1292591094971,836.2803649902344,74.96343950380657,109.35825434778215,179.25756376045635,140.1465748367452,1
data/answer/frame/0004/frame_9.jpg,330.6550669670105,355.0474548339844,342.15041399002075,415.3711700439453,398.17405700683594,507.52010345458984,318.36299657821655,547.2294235229492,369.55042362213135,640.7192230224609,384.4836759567261,821.8106079101562,552.0933723449707,810.8157348632812,85.15397315947365,90.96097290070067,176.1435619882158,139.91112861884426,1
data/answer/frame/0004/frame_10.jpg,332.5839614868164,367.2833251953125,354.35272693634033,434.8028564453125,417.2082996368408,515.820426940918,340.9456729888916,580.5194854736328,375.4172945022583,661.5464019775391,352.8074097633362,834.9883270263672,510.44471740722656,807.2150421142578,92.5050771748401,72.58071196550128,167.43788563914202,142.47861659086104,1
data/answer/frame/0004/frame_11.jpg,334.6587896347046,375.7606506347656,357.99100399017334,441.45164489746094,433.20765495300293,515.8692169189453,370.39963245391846,596.546745300293,376.2405824661255,670.5789947509766,321.1951947212219,834.9829864501953,480.42938232421875,810.4264068603516,96.79302282347868,62.721631450350216,164.9998034256176,147.86712808265008,1
data/answer/frame/0004/frame_12.jpg,336.80444955825806,377.87803649902344,366.0488748550415,443.83289337158203,455.05109310150146,503.08128356933594,395.6979274749756,593.6751556396484,375.5056571960449,672.4755096435547,288.6759424209595,813.0817413330078,451.13704204559326,824.0839385986328,90.4204601483168,62.17735820681043,158.45590595104954,155.8556596996923,1
data/answer/frame/0004/frame_13.jpg,337.63537645339966,361.74827575683594,377.83166885375977,427.50492095947266,476.51455879211426,475.2354431152344,414.7237157821655,564.1726684570312,381.51633739471436,656.9968414306641,264.44387912750244,792.9152679443359,422.27123737335205,848.7739562988281,81.0215468322458,68.75027573980428,149.4828762892063,168.92230236970872,1
data/answer/frame/0004/frame_14.jpg,340.28690099716187,345.7809829711914,382.0378875732422,411.95030212402344,490.15824794769287,449.1582489013672,428.65407943725586,538.1743621826172,383.7016725540161,647.1360778808594,257.249915599823,771.4865112304688,392.59098529815674,879.0235900878906,74.34823389026303,82.9893368565411,148.15454576145154,178.20998799941245,1
data/answer/frame/0004/frame_15.jpg,342.28750705718994,329.55371856689453,390.4489517211914,395.8533477783203,497.5290012359619,424.89280700683594,439.41462993621826,506.5990447998047,376.43730640411377,624.9523162841797,255.93419551849365,758.2537078857422,346.9396376609802,905.44677734375,69.75059782232978,106.15937098132017,140.50471808788348,177.49650240661362,1
data/answer/frame/0004/frame_16.jpg,340.294132232666,321.90093994140625,393.0070495605469,385.17845153808594,495.75543880462646,416.14166259765625,437.68325328826904,492.4087142944336,376.60253047943115,620.3199005126953,261.2140703201294,756.7730712890625,295.15146017074585,930.4904937744141,69.4833607421184,128.72717964271362,136.21348821204396,169.2770326878366,1
data/answer/frame/0004/frame_17.jpg,338.1659173965454,323.15452575683594,388.612003326416,390.66322326660156,491.42892837524414,418.3905792236328,428.0449390411377,491.4201354980469,372.3115539550781,622.3065185546875,272.0627689361572,767.1962738037109,256.10718727111816,945.8064270019531,64.13687701257237,150.42554667196316,139.20576354888377,164.2664070685868,1
data/answer/frame/0004/frame_18.jpg,335.801260471344,328.8335418701172,383.3604955673218,397.00599670410156,485.2513074874878,430.6614685058594,418.0374240875244,504.80018615722656,368.1395387649536,629.3091583251953,284.1455411911011,782.6432037353516,246.9981050491333,953.8648986816406,66.08353005503949,163.52767168534194,141.35039507163293,163.28052849854578,1
data/answer/frame/0004/frame_19.jpg,333.42647552490234,340.0386047363281,380.8247995376587,410.27233123779297,476.0796546936035,459.93968963623047,400.64568042755127,521.4064407348633,369.47776794433594,648.582763671875,283.8659691810608,796.3691711425781,258.81709814071655,973.18359375,66.71281994854093,157.97983628657997,143.25989073780673,163.90113596083023,1
data/answer/frame/0004/frame_20.jpg,329.2470145225525,359.41871643066406,369.779634475708,429.5399475097656,461.03044509887695,497.09007263183594,374.65692043304443,548.8347244262695,361.7745065689087,666.8169403076172,292.45433807373047,822.2640228271484,294.7306752204895,987.3439788818359,67.43637244979425,155.17594767353305,148.0382445797296,170.11819630242994,1
data/answer/frame/0005/frame_0.jpg,330.88002920150757,359.50958251953125,370.4259395599365,430.3346252441406,460.2292585372925,498.1201934814453,372.71392822265625,549.7652435302734,363.12848567962646,667.2489166259766,290.40884256362915,824.0498352050781,294.0654230117798,987.3453521728516,67.59227652590687,153.83674359941912,149.0584602138773,169.5889385563596,1
data/answer/frame/0005/frame_1.jpg,326.4859914779663,373.7564468383789,360.04690647125244,449.7431945800781,437.67720222473145,529.238166809082,343.1643319129944,574.4853973388672,361.18334770202637,674.4554138183594,299.1942358016968,833.4968566894531,339.5662236213684,992.5678253173828,71.26229434292492,144.4649025292568,156.46024706659315,175.82271824457726,1
data/answer/frame/0005/frame_2.jpg,324.20928955078125,377.7785873413086,353.97773265838623,447.1983337402344,405.45305728912354,549.2491912841797,313.12923431396484,580.5585479736328,366.7477512359619,677.889404296875,304.20475244522095,838.2394409179688,387.0361089706421,995.15625,81.96633728148817,130.86406751958094,159.9578735396866,179.50947436251005,1
data/answer/frame/0005/frame_3.jpg,319.1936659812927,372.72491455078125,344.1715979576111,442.5430679321289,380.61859130859375,549.8509979248047,292.69502878189087,563.0242919921875,372.8368806838989,676.9960021972656,355.45944929122925,840.2719116210938,435.93698501586914,994.0264129638672,79.7610661774159,146.29661698881435,167.28562184792494,175.71389509914712,1
data/answer/frame/0005/frame_4.jpg,315.5612897872925,358.3259963989258,334.8556423187256,426.1544418334961,353.3765959739685,537.855339050293,283.81929874420166,531.7644500732422,365.15366077423096,670.5071258544922,384.97376918792725,839.0395355224609,474.642333984375,975.5160522460938,75.58110142274268,153.40147275292998,171.18936608610653,167.3216472733539,1
data/answer/frame/0005/frame_5.jpg,312.13529348373413,345.5072021484375,327.9727077484131,412.6848602294922,340.5263900756836,527.1990203857422,278.3473563194275,503.92078399658203,364.837589263916,665.3693389892578,412.78544425964355,826.5190124511719,503.0372714996338,965.4328918457031,63.21928603732759,163.5580134144065,175.03499439267193,163.57120238609346,1
data/answer/frame/0005/frame_6.jpg,317.21546173095703,335.9452819824219,332.67661571502686,402.6884460449219,342.1446204185486,512.1319580078125,283.24129343032837,480.3166961669922,367.82209396362305,654.6488952636719,434.0763473510742,808.6826324462891,529.365963935852,945.2834320068359,56.6809597914429,168.37515077088528,174.89823929463478,158.87415091972224,1
data/answer/frame/0005/frame_7.jpg,328.0384111404419,332.3785400390625,338.03054094314575,399.4735336303711,346.7004919052124,507.2457504272461,294.56894874572754,472.45059967041016,372.220401763916,644.7216033935547,438.2095670700073,800.1801300048828,566.8264675140381,914.9502563476562,51.67953965100774,154.74413094424406,179.46588838302705,152.17674064216195,1
data/answer/frame/0005/frame_8.jpg,334.23978567123413,333.44913482666016,343.4519290924072,399.95182037353516,356.8325471878052,504.46006774902344,305.3398847579956,478.8231658935547,373.47301483154297,636.518669128418,431.3032865524292,808.5115814208984,587.1325492858887,879.627685546875,56.23632317100697,133.11514240763574,179.34577004780235,145.92131323117607,1
data/answer/frame/0005/frame_9.jpg,335.1315236091614,334.47357177734375,344.69565868377686,399.37381744384766,372.80113220214844,505.7947540283203,311.39451026916504,500.7078552246094,371.4181423187256,631.8573760986328,419.76253509521484,819.1779327392578,587.167010307312,843.7796783447266,70.47056944191925,112.83166596105083,178.1738517800977,141.04436643092825,1
data/answer/frame/0005/frame_10.jpg,329.9629497528076,341.4965057373047,340.42206287384033,400.7112121582031,386.03463649749756,501.3756561279297,313.29437255859375,523.6410522460938,365.8636522293091,632.335205078125,395.7688236236572,825.7444763183594,562.708911895752,816.0493469238281,82.64306726351134,95.46578892429592,176.25138738856046,139.29204889103653,1
data/answer/frame/0005/frame_11.jpg,325.9193158149719,350.8374786376953,342.6090931892395,416.1510467529297,399.0253257751465,513.8203048706055,315.95162630081177,558.0548858642578,364.83424186706543,654.7058868408203,356.1750841140747,832.5181579589844,523.9203071594238,803.826904296875,88.02232209659951,77.50600872135243,170.98841503565794,138.47078180923202,1
data/answer/frame/0005/frame_12.jpg,324.35884952545166,354.2906188964844,344.0999507904053,423.1560516357422,413.72915267944336,515.863037109375,336.33806705474854,581.3068389892578,360.34255027770996,662.2987365722656,308.4992265701294,839.2606353759766,474.21412467956543,800.7324981689453,93.30965936251437,60.582813780050145,167.88998442057448,144.44585119263095,1
data/answer/frame/0005/frame_13.jpg,321.23703718185425,352.9932403564453,352.00583696365356,426.4430618286133,429.7962284088135,498.7261199951172,358.49225521087646,580.4514312744141,360.899076461792,656.0083770751953,274.0821933746338,815.7485961914062,454.9114465713501,813.0855560302734,91.79417023107561,60.63272941233351,159.48924472272572,151.31752736982534,1
data/answer/frame/0005/frame_14.jpg,322.3638653755188,343.2267761230469,356.2701630592346,413.5009765625,453.4377336502075,475.02105712890625,377.5783395767212,560.4465866088867,360.45129776000977,652.5034332275391,244.54167366027832,798.841552734375,417.3482036590576,842.6841735839844,80.73363840627206,65.85450312660966,155.24559110601538,164.34648331342396,1
data/answer/frame/0005/frame_15.jpg,322.8900074958801,330.9441375732422,368.2896566390991,401.11663818359375,470.2189636230469,450.65650939941406,398.92889499664307,529.823112487793,356.1759853363037,651.7953491210938,235.09570598602295,780.9347534179688,382.0097351074219,886.8949890136719,73.91751204737358,82.64539640144207,144.33168006418904,170.962673615166,1
data/answer/frame/0005/frame_16.jpg,324.1922092437744,322.5590515136719,374.75502490997314,389.90821838378906,479.4809103012085,434.61795806884766,411.3439178466797,511.76918029785156,351.38463735580444,637.8923797607422,234.5419692993164,772.6417541503906,331.420955657959,920.4563903808594,71.66897722946737,105.8299017734509,137.71864047924498,178.6576031392006,1
data/answer/frame/0005/frame_17.jpg,326.45633697509766,320.2050018310547,377.99521923065186,391.7616653442383,479.8344898223877,426.005859375,419.123010635376,499.32823181152344,357.2559714317322,636.6024017333984,244.60750579833984,776.7340087890625,286.7439365386963,954.9897766113281,68.96057828317822,127.90546698300167,139.39489272823576,172.35416312271002,1
data/answer/frame/0005/frame_18.jpg,330.0676202774048,320.2708053588867,382.24928855895996,390.8186340332031,485.4279899597168,426.95560455322266,420.7708740234375,497.8277587890625,359.632773399353,636.3584136962891,261.7142057418823,785.3840637207031,246.01794004440308,969.2897033691406,66.92773230295973,151.57109261508364,138.2483824427268,166.42010872983462,1
data/answer/frame/0005/frame_19.jpg,334.6374821662903,319.01859283447266,381.49131774902344,390.2490234375,488.7004566192627,431.13075256347656,414.63719844818115,504.80987548828125,368.907208442688,635.5795288085938,276.90922021865845,795.3349304199219,239.7413992881775,973.8497161865234,65.7242241943606,161.8250340286915,143.72756101552812,162.03742261796364,1
data/answer/frame/0005/frame_20.jpg,339.43981647491455,324.97413635253906,389.3809175491333,399.76654052734375,487.79974937438965,455.56819915771484,406.6191101074219,516.4072799682617,373.42906951904297,646.8241119384766,286.6646933555603,800.4937744140625,258.79074811935425,983.4025573730469,66.40136893582326,159.21501248749053,142.57348358673121,164.88550999008427,1
data/answer/frame/0006/frame_0.jpg,341.459219455719,331.16024017333984,384.6851634979248,407.31285095214844,481.3177299499512,474.8435974121094,395.05462646484375,528.7957000732422,370.0774669647217,659.1380310058594,300.1150918006897,819.4655609130859,292.4267649650574,993.2559204101562,66.97077567223192,158.95797353296638,147.0999231617481,170.23627845656242,1
data/answer/frame/0006/frame_1.jpg,349.1471815109253,343.27857971191406,384.3195676803589,420.13214111328125,466.6794776916504,503.8717269897461,376.03437423706055,552.8742599487305,375.4318857192993,663.7030029296875,315.38638830184937,830.8547973632812,345.99560737609863,994.8747253417969,73.8714593379512,149.66944450586277,153.31883637583454,177.01034390414492,1
data/answer/frame/0006/frame_2.jpg,350.3181052207947,347.83546447753906,378.36896896362305,421.1402130126953,440.28950214385986,525.1284027099609,348.31676959991455,560.9673309326172,383.919939994812,668.9478302001953,330.2281880378723,834.0444946289062,399.9391222000122,996.4018249511719,80.51732855837469,138.74764221410496,160.34333324582903,178.4825294761754,1
data/answer/frame/0006/frame_3.jpg,347.9673099517822,344.658203125,369.1509246826172,420.19325256347656,408.72127532958984,533.9253997802734,316.0315775871277,548.9963912963867,387.6923704147339,671.2039184570312,359.2116665840149,827.3915100097656,445.138635635376,986.6073608398438,80.05115007918204,141.31046942441944,168.55858537938374,173.9021416331914,1
data/answer/frame/0006/frame_4.jpg,333.672251701355,335.5835723876953,354.9502158164978,411.04835510253906,378.706111907959,524.2060470581055,298.3412718772888,520.4859161376953,380.9158658981323,658.681640625,406.02245807647705,833.4823608398438,481.5816593170166,987.2883605957031,75.49336195865634,162.01030213343122,170.23962132583566,168.95390254820822,1
data/answer/frame/0006/frame_5.jpg,322.39128828048706,322.1169662475586,337.9600739479065,396.99806213378906,357.48863697052,512.6317596435547,284.0179753303528,486.29676818847656,386.8712282180786,649.0542602539062,427.9207420349121,813.4794616699219,507.56672859191895,973.4205627441406,60.694343015170176,167.54565732732624,179.23645648077746,170.57163805357138,1
data/answer/frame/0006/frame_6.jpg,317.5996398925781,315.2657127380371,327.8484892845154,380.82435607910156,345.4247045516968,492.8816223144531,280.84848403930664,460.7475280761719,360.9928035736084,628.2357025146484,435.6511688232422,799.4805908203125,529.2072629928589,950.9303283691406,54.63014391091363,171.85080660335908,178.74497629809585,160.09800797896563,1
data/answer/frame/0006/frame_7.jpg,309.74005937576294,307.49780654907227,322.3976182937622,377.3130798339844,333.25105905532837,482.2587203979492,280.7227849960327,450.8934783935547,358.1551122665405,622.8928375244141,422.56113052368164,793.0519104003906,555.4567766189575,916.0608673095703,53.2535665007041,153.5194119898928,178.00815703695233,154.3438037120678,1
data/answer/frame/0006/frame_8.jpg,311.2348222732544,303.80258560180664,324.96421337127686,370.4936218261719,338.9645719528198,475.65093994140625,284.07567501068115,445.54691314697266,355.5184578895569,619.466667175293,411.9634008407593,793.0345916748047,567.4657773971558,875.5879211425781,53.673658544290554,135.97772465638573,175.36370369252987,147.38773393567442,1
data/answer/frame/0006/frame_9.jpg,309.21271562576294,308.6979293823242,322.6831126213074,369.2576599121094,359.65665578842163,472.3577117919922,288.6207318305969,470.1707458496094,351.46132707595825,619.6309661865234,392.11041927337646,806.6131591796875,567.2187995910645,840.8186340332031,68.50785381818928,113.31791762653617,174.01663431754042,142.26888721715204,1
data/answer/frame/0006/frame_10.jpg,310.7139587402344,317.1671676635742,326.333749294281,380.023193359375,378.15954208374023,477.36473083496094,294.1214060783386,504.9375915527344,353.16073179244995,622.8707122802734,378.3808135986328,818.919677734375,554.9632501602173,816.6967010498047,80.13326315923632,96.60911806313838,172.34842961783428,140.14879309402818,1
data/answer/frame/0006/frame_11.jpg,312.58689165115356,333.8114929199219,333.9747405052185,399.7724914550781,399.8739767074585,496.1845016479492,308.71373891830444,546.5399169921875,355.26339054107666,642.3951721191406,344.9386668205261,833.8346862792969,520.3697490692139,803.6272430419922,84.56227251909775,77.1429691716122,167.04922755766347,139.33432702812547,1
data/answer/frame/0006/frame_12.jpg,315.3452754020691,348.45062255859375,342.6161742210388,418.0570602416992,419.363808631897,499.4096374511719,339.96962785720825,581.3137054443359,361.5704011917114,658.0776977539062,309.5758008956909,846.7332458496094,477.2456216812134,803.2903289794922,92.55984833342154,60.065676174223036,163.12062780747428,145.97468223933112,1
data/answer/frame/0006/frame_13.jpg,317.61672019958496,356.57833099365234,353.7327289581299,426.74217224121094,441.7517137527466,497.08396911621094,375.2260208129883,592.8856658935547,365.0614356994629,665.7353973388672,273.40301513671875,831.5357208251953,452.5478410720825,825.9022521972656,93.85415138845445,59.263968023211255,155.47728094600004,154.06962329204515,1
data/answer/frame/0006/frame_14.jpg,320.39827823638916,350.5216979980469,357.4698829650879,420.4560089111328,460.9274911880493,473.47328186035156,396.59777641296387,571.2191009521484,365.7776069641113,665.9534454345703,246.28693342208862,811.7033386230469,424.26190853118896,854.3104553222656,83.78283574615409,64.11714094020857,154.01047490062862,164.6887546360102,1
data/answer/frame/0006/frame_15.jpg,320.434627532959,331.70570373535156,365.05813121795654,399.61891174316406,477.94634342193604,447.3291778564453,415.0715446472168,541.5220260620117,364.48808670043945,653.8356781005859,232.11729526519775,787.2795867919922,384.7615957260132,889.0585327148438,79.18695457198658,78.92555244556337,146.56394166036398,174.94545802562104,1
data/answer/frame/0006/frame_16.jpg,319.40860748291016,314.1587448120117,373.5919761657715,383.67427825927734,489.3046188354492,420.7408905029297,426.9344186782837,506.04736328125,361.86179637908936,635.3536987304688,234.66861248016357,770.7354736328125,342.507963180542,918.8117980957031,71.59030027361626,100.72155271298229,139.39714134496833,178.76253394202217,1
data/answer/frame/0006/frame_17.jpg,319.76317405700684,308.6865234375,374.68640327453613,375.11566162109375,489.2656087875366,403.226318359375,428.51069927215576,489.1295623779297,357.4033212661743,622.6863479614258,238.62064361572266,769.1314697265625,291.1419439315796,949.8954010009766,68.5147909364672,124.75292394492946,136.42287385420997,172.54552339499497,1
data/answer/frame/0006/frame_18.jpg,325.78033447265625,301.4735794067383,380.99483013153076,369.84241485595703,494.6670627593994,398.68309020996094,427.57866382598877,479.19349670410156,358.56149911880493,625.087890625,250.97670078277588,778.1057739257812,243.6122989654541,957.025146484375,64.43249817818855,147.24645697223332,136.05297027681257,165.92191010838982,1
data/answer/frame/0006/frame_19.jpg,325.39538383483887,306.81726455688477,380.6549835205078,371.5531921386719,486.66781425476074,406.7340850830078,419.84291553497314,487.9649353027344,359.6303057670593,626.008186340332,265.00789403915405,789.3000793457031,227.98293828964233,968.3662414550781,68.91611979053852,161.59133017921758,134.79200112764627,163.6900983239577,1
data/answer/frame/0006/frame_20.jpg,326.3582968711853,314.93762969970703,379.6906328201294,382.20863342285156,483.7385845184326,426.6119384765625,404.7612190246582,502.0325469970703,360.5589294433594,635.9091949462891,268.8604688644409,790.5439758300781,238.9258575439453,977.0170593261719,66.7911091578801,158.45195878460845,137.28013487584806,164.68720345985628,1
data/answer/frame/0006/frame_21.jpg,320.9471654891968,320.4258728027344,370.73145389556885,393.6125183105469,468.475399017334,453.99269104003906,385.6167268753052,521.4173126220703,355.3128933906555,649.0282440185547,279.0098190307617,816.1763000488281,273.2930016517639,995.1237487792969,70.84150891763159,157.2931065911501,142.3204453671448,170.12220134661362,1
data/answer/frame/0007/frame_1.jpg,312.2153306007385,351.1395263671875,348.9607572555542,419.71466064453125,425.7891798019409,494.9859619140625,340.2641558647156,550.704345703125,363.76286029815674,656.5896606445312,305.7789087295532,820.3646087646484,336.1499261856079,982.8193664550781,77.49714837124822,149.91442397573206,155.39144290690746,171.58615601221072,1
data/answer/frame/0007/frame_2.jpg,313.48729848861694,354.6733856201172,345.52669286727905,424.3517303466797,398.5570764541626,522.8772735595703,314.57473039627075,553.0294799804688,368.4669828414917,660.2230072021484,317.23870038986206,820.4859924316406,389.67724800109863,976.3223266601562,81.45876303059862,137.3426853948783,160.86113455197693,178.28380976629407,1
data/answer/frame/0007/frame_3.jpg,315.0672912597656,350.7823181152344,342.0581889152527,420.3489685058594,369.0413188934326,526.7545318603516,291.4344549179077,539.9953460693359,387.0109176635742,660.4078674316406,361.6674757003784,823.828125,450.56382179260254,973.465576171875,85.45268923393041,140.47108954057651,169.40064517704704,179.130711336267,1
data/answer/frame/0007/frame_4.jpg,317.41347312927246,346.9905471801758,334.5473384857178,414.1305923461914,354.51262950897217,526.468505859375,270.5222797393799,510.78685760498047,376.7225217819214,662.7353668212891,367.86380767822266,807.4178314208984,495.93164920806885,955.7205963134766,69.34651846145847,135.68376171716858,175.31232459735864,167.48810921051404,1
data/answer/frame/0007/frame_5.jpg,321.158652305603,336.19842529296875,339.6375060081482,407.36114501953125,349.74982023239136,522.2817230224609,277.7608108520508,491.56219482421875,391.95231914520264,647.7606964111328,442.9268217086792,804.4606018066406,538.843731880188,952.0101928710938,61.862104519831846,164.99320573861812,177.72054462599104,166.50585879178055,1
data/answer/frame/0007/frame_6.jpg,324.73272800445557,334.68841552734375,339.3557024002075,401.91638946533203,348.41049671173096,514.2255783081055,293.7467122077942,480.68668365478516,383.6016368865967,638.2942962646484,458.58731746673584,794.4395446777344,568.2596254348755,929.6053314208984,53.859422795888136,166.59616422813554,178.33066574779187,158.2320720575649,1
data/answer/frame/0007/frame_7.jpg,325.6970143318176,337.1051025390625,334.80371475219727,398.2594680786133,347.80019760131836,499.9937438964844,316.89902544021606,479.6943664550781,378.57903957366943,631.915168762207,451.9853925704956,791.9408416748047,596.9765567779541,895.3518676757812,49.418509999963014,150.1390232052086,177.85852874757424,150.9515093786171,1
data/answer/frame/0007/frame_8.jpg,324.9383568763733,334.29737091064453,336.3308358192444,394.4451904296875,354.4063925743103,503.16017150878906,309.06070947647095,493.21136474609375,375.1788139343262,635.2957916259766,440.14976978302,801.746826171875,604.3234920501709,850.2740478515625,68.18545960938316,127.7890972570198,178.4373767656018,142.33562965930665,1
data/answer/frame/0007/frame_9.jpg,323.21906089782715,339.56085205078125,331.9883394241333,396.2704086303711,358.54053497314453,494.98218536376953,297.8692674636841,506.32469177246094,370.1169490814209,624.8181915283203,423.3461809158325,809.6926116943359,592.5887632369995,815.2459716796875,85.53375135732796,107.94159504207222,179.31888262687156,140.0337458532807,1
data/answer/frame/0007/frame_10.jpg,322.6183748245239,343.81114959716797,333.8513159751892,399.47959899902344,378.4345006942749,493.78761291503906,309.2241311073303,538.1943511962891,371.41316413879395,631.4955902099609,393.19591999053955,821.7721557617188,565.5575466156006,785.0466156005859,97.38304963674125,84.50247259345653,177.78789684062974,137.5368970038476,1
data/answer/frame/0007/frame_11.jpg,324.5237731933594,356.32251739501953,339.9100399017334,412.16217041015625,393.9520025253296,498.4386444091797,330.08877754211426,571.5579986572266,371.45848274230957,646.0894012451172,355.3922438621521,834.9677276611328,510.11083602905273,782.4431610107422,106.80343403617593,66.38649462977496,172.27560357470992,142.2019280794341,1
data/answer/frame/0007/frame_12.jpg,322.419376373291,368.2649230957031,341.3137149810791,429.8199462890625,406.1895275115967,504.83386993408203,353.0701804161072,586.8987274169922,381.82116508483887,665.4852294921875,317.2865080833435,834.4325256347656,474.3894338607788,783.3866119384766,106.23072754755268,51.09406715814741,172.68912172808925,151.61638140703397,1
data/answer/frame/0007/frame_13.jpg,321.3653540611267,371.0307312011719,343.5038995742798,430.9638977050781,423.01483154296875,488.1147003173828,376.7461681365967,579.0316772460938,373.54798793792725,667.5041961669922,278.1308698654175,816.4418792724609,445.2221488952637,799.7564697265625,98.73574317664696,51.65175158096987,166.96505895477773,158.78315213055353,1
data/answer/frame/0007/frame_14.jpg,317.52835750579834,360.91724395751953,352.65164852142334,425.8484649658203,443.86104583740234,464.16107177734375,395.1257801055908,558.9527130126953,373.6564350128174,659.2511749267578,247.95970916748047,798.1735229492188,406.33432388305664,833.4422302246094,85.57581978396286,60.415690436109834,156.73209317235003,174.51733169961247,1
data/answer/frame/0007/frame_15.jpg,320.35152196884155,349.8229217529297,358.7275171279907,406.0628128051758,458.04461002349854,436.8085479736328,406.86334133148193,532.6515960693359,374.88844871520996,648.0535888671875,238.06943893432617,771.2374877929688,373.5790157318115,875.4229736328125,79.09831161907283,79.55263987149432,149.51256194651694,175.8493088374873,1
data/answer/frame/0007/frame_16.jpg,312.59862899780273,339.60716247558594,357.95984745025635,396.1085891723633,462.2302293777466,416.4537048339844,407.55157470703125,507.5004196166992,361.904239654541,635.5157470703125,232.18870639801025,761.1519622802734,328.6813259124756,911.4206695556641,70.05359187664726,101.37886898269953,142.18524888032883,172.18992317727407,1
data/answer/frame/0007/frame_17.jpg,316.15206241607666,328.2804489135742,355.6108331680298,387.6531219482422,463.8130760192871,403.6190414428711,408.07578563690186,489.91268157958984,353.00769567489624,624.8808670043945,236.91226959228516,768.1393432617188,272.7889394760132,933.6447143554688,65.53525820467263,128.74819053142716,145.76350331999416,166.0648765061558,1
data/answer/frame/0007/frame_18.jpg,311.71761989593506,325.2952575683594,354.36461448669434,386.8720245361328,459.35794830322266,407.07977294921875,401.5744113922119,484.8332214355469,355.7218551635742,623.8510894775391,248.45415830612183,774.0561676025391,239.28784847259521,950.0300598144531,64.27593711037389,147.44957652063397,145.62234610175886,160.02714306245352,1
data/answer/frame/0007/frame_19.jpg,308.1280303001404,330.34427642822266,352.23427534103394,392.5322723388672,451.98453426361084,426.3751983642578,384.4956064224243,498.8166046142578,355.48152923583984,632.191276550293,262.3726773262024,778.9717102050781,236.11728429794312,957.9275512695312,65.76786313847884,155.95793437184494,145.43047065918927,159.09864107167377,1
data/answer/frame/0007/frame_20.jpg,310.4081439971924,343.51470947265625,349.8966979980469,408.553466796875,438.6465311050415,460.345458984375,361.9583988189697,521.793098449707,357.6591396331787,647.2384643554688,270.0146770477295,791.6143035888672,264.09107208251953,968.6453247070312,68.97070646023707,150.65628345145308,150.59849346086014,161.90594920499603,1
data/answer/frame/0008/frame_0.jpg,309.5084023475647,361.9194030761719,344.16739225387573,429.53468322753906,411.9513416290283,506.38134002685547,329.19594526290894,555.0261688232422,343.7206220626831,656.6386413574219,300.32499074935913,825.3153991699219,325.93804836273193,986.2826538085938,79.03315986673351,156.53125218119965,152.74801233022114,177.0248996440298,1
data/answer/frame/0008/frame_1.jpg,315.5507755279541,370.54981231689453,345.41213035583496,439.63085174560547,394.0847396850586,537.8251266479492,312.8454566001892,563.8837432861328,361.3552665710449,669.6481323242188,315.11205196380615,825.8663940429688,382.42631435394287,984.0601348876953,81.41781646935954,140.4597472525246,160.5878218625405,179.86908803657002,1
data/answer/frame/0008/frame_2.jpg,319.9762487411499,370.1373291015625,347.26860523223877,440.29991149902344,373.37903022766113,549.1447830200195,299.16043996810913,554.1497039794922,382.6953077316284,677.4814605712891,359.85679149627686,829.776611328125,446.52196884155273,983.6527252197266,80.36830355682486,142.08253311439816,167.23979378719727,176.7195603279031,1
data/answer/frame/0008/frame_3.jpg,325.2160406112671,359.53155517578125,349.63109493255615,427.43385314941406,362.9693126678467,544.0949249267578,286.68097972869873,524.6835327148438,387.4927282333374,672.8044128417969,416.9506359100342,829.2116546630859,501.7279243469238,972.4723815917969,69.20168385733926,160.05046101449676,168.995147569849,167.90463938208399,1
data/answer/frame/0008/frame_4.jpg,329.94998931884766,350.6790542602539,349.05544996261597,421.80667877197266,359.4860029220581,541.4877319335938,292.3545169830322,501.1954879760742,388.48604679107666,661.463623046875,451.8085813522339,814.4078063964844,542.4305534362793,959.0164184570312,54.04695598960438,170.41655536149537,174.3079092195729,161.98749927781432,1
data/answer/frame/0008/frame_5.jpg,335.15952587127686,343.8658142089844,349.59925174713135,416.48109436035156,358.665611743927,524.5965576171875,301.80389642715454,489.1829299926758,394.7577381134033,646.5320587158203,465.97519397735596,796.9840240478516,570.9441089630127,929.3309020996094,53.29173842243751,166.9116928627155,179.85912598973795,159.18252419767327,1
data/answer/frame/0008/frame_6.jpg,336.87081813812256,339.0113067626953,345.4289960861206,402.8483200073242,360.2223873138428,509.93091583251953,310.5871653556824,488.9126205444336,393.7739038467407,627.7935028076172,460.8523464202881,785.8562469482422,600.1938343048096,893.1477355957031,59.18392839470498,150.59122265313158,175.50628961311068,154.24995916329544,1
data/answer/frame/0008/frame_7.jpg,337.29156017303467,335.39649963378906,345.6188750267029,397.1293640136719,365.5468511581421,503.7258529663086,315.45855045318604,488.62239837646484,385.1219129562378,622.513427734375,447.58339405059814,787.4021911621094,612.0451641082764,843.0775451660156,62.63093357806255,129.44971595877993,177.74116344593838,144.1270868241155,1
data/answer/frame/0008/frame_8.jpg,333.06909799575806,333.50975036621094,342.50858545303345,397.9903793334961,368.24944496154785,494.6466827392578,309.9639058113098,495.13282775878906,380.5285120010376,623.9310455322266,436.0645294189453,799.7001647949219,608.0775547027588,807.2176361083984,75.56536513234408,110.03685479106888,178.77661929642787,138.40270803729072,1
data/answer/frame/0008/frame_9.jpg,335.51344871520996,340.8207702636719,342.7636957168579,397.8631591796875,384.3765592575073,490.00831604003906,315.6398892402649,520.1206207275391,378.8165760040283,626.0750579833984,410.98905086517334,807.8776550292969,574.2318534851074,774.6456146240234,89.35337302979747,88.52866939268961,178.26622889473282,136.22242862591003,1
data/answer/frame/0008/frame_10.jpg,336.45614862442017,353.37024688720703,352.4523067474365,410.5279541015625,399.3279218673706,494.85538482666016,325.79007625579834,550.2428436279297,379.09767150878906,641.6923522949219,374.70279693603516,825.4640960693359,529.2455005645752,770.2716064453125,97.91779701924224,68.97665515309208,170.94042020704197,137.15036240062258,1
data/answer/frame/0008/frame_11.jpg,336.8384599685669,367.1946716308594,355.9491777420044,426.72130584716797,413.02242279052734,505.1333999633789,354.1593289375305,580.8883666992188,374.3232536315918,659.2671966552734,331.9772672653198,832.3033142089844,480.465989112854,777.2517395019531,106.10261379774076,55.906599174966416,166.71874932736003,142.54212900191504,1
data/answer/frame/0008/frame_12.jpg,333.7396502494812,371.13243103027344,355.1331853866577,429.669189453125,432.16116428375244,490.83507537841797,379.80169773101807,579.2182540893555,381.06306552886963,653.9381408691406,298.8294768333435,814.7908020019531,456.0902452468872,795.4415130615234,97.80905156241715,55.90787932843144,166.51929616503145,158.6620331669514,1
data/answer/frame/0008/frame_13.jpg,335.53494930267334,369.02549743652344,365.3744602203369,429.0526580810547,453.4816360473633,476.25877380371094,399.2969799041748,568.0667114257812,385.69067001342773,657.249755859375,273.5801696777344,799.7784423828125,435.9505033493042,836.1155700683594,87.63261793858146,64.42651675590396,158.6556071542095,169.392655733478,1
data/answer/frame/0008/frame_14.jpg,338.3139967918396,355.9600067138672,378.2566165924072,417.8425598144531,479.03660774230957,455.6875991821289,418.96053314208984,539.31640625,388.4286689758301,649.4369506835938,259.05701637268066,777.6462554931641,401.7970561981201,875.8225250244141,74.89005574535611,79.26155489124145,149.6743556896409,179.13544781398494,1
data/answer/frame/0008/frame_15.jpg,340.7200884819031,343.95591735839844,384.0572690963745,404.60193634033203,485.3045654296875,436.65626525878906,425.8111524581909,519.1381072998047,386.8245792388916,642.3007965087891,260.18298625946045,770.4798126220703,355.47436237335205,911.7243957519531,71.76492281632312,101.33991020380452,145.11770294805044,172.69587994643206,1
data/answer/frame/0008/frame_16.jpg,342.7457571029663,335.74188232421875,386.9477891921997,399.7525405883789,492.07746505737305,423.43719482421875,429.3847131729126,503.3302307128906,380.93994140625,633.1947708129883,267.0240569114685,770.1022338867188,305.5698251724243,935.7447052001953,64.57461045762693,127.13749396946142,143.8990678326305,167.48565454775124,1
data/answer/frame/0008/frame_17.jpg,345.14307260513306,330.92296600341797,391.9865655899048,393.56536865234375,493.16858768463135,422.5898742675781,425.44864654541016,497.95238494873047,384.8324489593506,620.4472732543945,280.5248165130615,779.6131134033203,272.16254711151123,952.6904296875,64.06324662146977,149.52770619134836,141.40507944212473,163.07330740788905,1
data/answer/frame/0008/frame_18.jpg,346.49224519729614,331.47361755371094,387.31643199920654,398.4843444824219,485.4548978805542,435.340576171875,413.77580165863037,506.2762451171875,381.893048286438,638.9899444580078,297.956063747406,788.4465789794922,268.5681080818176,960.9969329833984,65.28516629403413,160.34640942656245,147.35764958930383,161.90313522181313,1
data/answer/frame/0008/frame_19.jpg,343.8231897354126,339.41436767578125,382.09324836730957,405.09971618652344,470.65189361572266,456.62010192871094,391.98081493377686,519.8752593994141,386.71265602111816,647.3187255859375,305.9800958633423,799.5975494384766,292.2023391723633,972.9214477539062,68.99025667318881,156.61409468981904,150.86633352274083,162.7213924279807,1
data/answer/frame/0009/frame_0.jpg,417.65303134918213,365.0670623779297,448.6776065826416,436.00894927978516,505.24603843688965,526.8064498901367,427.6063013076782,562.7396392822266,472.8940486907959,668.61328125,430.3772163391113,837.4772644042969,472.760968208313,997.3101043701172,82.91199429275696,151.01610519967716,162.3227490223258,174.03315011450806,1
data/answer/frame/0009/frame_1.jpg,319.51836347579956,369.55657958984375,345.27008056640625,441.5191650390625,370.9359884262085,554.1754150390625,291.6987705230713,553.8060760498047,383.16664695739746,676.3512420654297,352.98552989959717,841.4405059814453,443.8894557952881,998.2443237304688,76.89858586544658,139.53759951182053,169.47752143606232,178.4843086008802,1
data/answer/frame/0009/frame_2.jpg,289.35402631759644,362.5469207763672,311.6023921966553,438.45611572265625,322.6364850997925,553.6815643310547,243.01092624664307,524.3730545043945,363.1927299499512,682.2306060791016,384.4860363006592,848.3634185791016,483.17429065704346,994.4986724853516,64.32237378657041,153.27180474408812,175.61384365571828,170.9311927358637,1
data/answer/frame/0009/frame_3.jpg,294.8161840438843,349.88941192626953,317.17501401901245,423.7770462036133,309.63918685913086,548.1817626953125,245.0108027458191,496.25450134277344,372.5431251525879,672.4003601074219,423.34317684173584,829.9893188476562,533.1877899169922,969.9478149414062,54.68547052336874,159.7410017366295,175.718703582768,164.19039519122555,1
data/answer/frame/0009/frame_4.jpg,297.1321105957031,341.2430191040039,310.5986022949219,413.1826400756836,301.4142680168152,524.9050903320312,265.72839975357056,486.5979766845703,366.79813385009766,650.9822845458984,451.35161876678467,806.8183135986328,569.3366289138794,948.2521057128906,47.67064114189332,168.64827584075073,177.3057605932225,159.02909101971537,1
data/answer/frame/0009/frame_5.jpg,300.2472925186157,338.5449981689453,309.7331929206848,405.7551574707031,303.7963056564331,497.0820617675781,274.2404866218567,476.6654586791992,373.7489604949951,642.2838592529297,450.85641860961914,797.7854919433594,605.6506490707397,901.845703125,59.083406968941325,150.28601107182948,172.8894262195809,153.3653940915218,1
data/answer/frame/0009/frame_6.jpg,302.85051584243774,338.96888732910156,309.84363555908203,400.9961700439453,320.81103801727295,506.78855895996094,283.6169958114624,488.10115814208984,366.2783432006836,640.968017578125,444.7291374206543,802.8639221191406,620.6460428237915,838.9031982421875,57.405016811819344,127.43141466826603,173.198614071848,141.12202377272945,1
data/answer/frame/0009/frame_7.jpg,303.29245805740356,341.83349609375,310.5316972732544,402.4452209472656,331.5903854370117,503.0042266845703,278.2522988319397,511.80370330810547,369.7263765335083,642.4027252197266,435.3952217102051,819.7148132324219,606.8367433547974,792.4437713623047,87.54027692598379,101.28422178602875,172.95341801748836,136.1827287637397,1
data/answer/frame/0009/frame_8.jpg,308.01230907440186,350.02349853515625,310.4964852333069,407.7047348022461,351.6942501068115,505.7046127319336,295.8832311630249,553.3940887451172,365.1958894729614,648.3129119873047,413.14979553222656,829.9793243408203,566.7234706878662,764.2385101318359,107.7120747202272,81.61241876835061,169.6582243860525,132.7168213691353,1
data/answer/frame/0009/frame_9.jpg,312.9134130477905,365.23040771484375,319.3881154060364,423.17359924316406,372.0868921279907,510.4281997680664,317.0495080947876,586.384391784668,366.1507558822632,658.8432312011719,376.2358617782593,842.9050445556641,505.16754627227783,753.1800842285156,112.94261521636341,58.30173531109321,175.15279828808133,135.3839434441792,1
data/answer/frame/0009/frame_10.jpg,308.08571577072144,370.7892608642578,321.3046932220459,429.3513488769531,388.8965320587158,512.1931838989258,346.1220359802246,606.3540649414062,364.44469928741455,667.7938842773438,317.23275661468506,851.5489959716797,462.4947166442871,753.57177734375,116.35761218379224,41.591612766637674,177.5352901233685,141.43592367600428,1
data/answer/frame/0009/frame_11.jpg,304.1330623626709,375.32264709472656,328.3026194572449,435.5223083496094,409.84381198883057,491.4317321777344,383.8262128829956,598.2807159423828,379.3991947174072,669.140625,276.9564914703369,823.0158996582031,437.1079730987549,771.5390014648438,110.75169039689598,38.527475980623805,170.46238481813353,162.93299131178435,1
data/answer/frame/0009/frame_12.jpg,301.19314670562744,369.0867614746094,335.3123688697815,427.8614044189453,430.18014907836914,459.92034912109375,396.78072452545166,573.1496429443359,369.56329822540283,663.9445495605469,240.51569938659668,797.5556945800781,408.76487731933594,824.3450927734375,92.23724153634669,55.042331619056846,158.11931302786243,174.52111362769406,1
data/answer/frame/0009/frame_13.jpg,301.2247109413147,356.97132110595703,342.60038137435913,413.5723114013672,441.9660758972168,432.625732421875,406.5648651123047,543.5398101806641,378.9544630050659,647.9781341552734,387.8363084793091,811.4292144775391,462.8638744354248,962.7699279785156,83.15285578616346,156.74032512717037,152.64875592857112,173.8903301029849,1
data/answer/frame/0009/frame_14.jpg,297.88707733154297,346.0675811767578,347.7087664604187,396.9335174560547,450.96786975860596,414.9152374267578,408.75603675842285,514.1794967651367,359.8868751525879,639.3210601806641,219.37686681747437,756.9647216796875,304.0821433067322,914.6757507324219,76.84104507280784,101.6982772166985,138.47045566342246,165.66707446420725,1
data/answer/frame/0009/frame_15.jpg,292.66775608062744,335.27854919433594,346.48868322372437,387.6545715332031,449.38158988952637,400.95603942871094,408.56746673583984,500.62767028808594,356.6089153289795,634.1585540771484,222.44778156280518,761.7057800292969,236.70204877853394,936.8003845214844,75.09764667708208,128.89820058549543,136.57144813886927,156.03554027316113,1
data/answer/frame/0009/frame_16.jpg,289.3689179420471,332.3609161376953,344.7180390357971,387.5408172607422,443.258900642395,405.4045104980469,398.0995559692383,497.41161346435547,351.59676790237427,634.9372100830078,235.06633043289185,779.0531158447266,205.44403553009033,953.3729553222656,74.1321729261573,150.68558798352552,136.50494941318786,153.75358627268633,1
data/answer/frame/0009/frame_17.jpg,285.5440020561218,335.73143005371094,341.0284352302551,397.2208023071289,433.8366222381592,423.5839080810547,375.91309547424316,509.23133850097656,346.11589908599854,640.8111572265625,254.48245525360107,784.8704528808594,210.3699231147766,955.3179931640625,71.78716739263405,162.05033684988345,139.13520965065004,155.4577640941464,1
data/answer/frame/0009/frame_18.jpg,280.6633257865906,334.96978759765625,326.75668001174927,397.2108459472656,415.49288749694824,457.59849548339844,346.5856719017029,529.6910858154297,350.39419412612915,643.3708190917969,265.1425838470459,796.7451477050781,247.6035976409912,973.3663940429688,80.53062963582732,156.60397690353062,148.96277329983795,157.21365691007182,1
data/answer/frame/0010/frame_0.jpg,277.67489433288574,338.1028747558594,316.55866384506226,404.8966979980469,399.11295890808105,472.8797912597656,318.9410662651062,540.9138107299805,338.22717905044556,652.5055694580078,271.4309048652649,812.2464752197266,274.19649839401245,982.8472900390625,79.78930205450331,156.37883411399375,154.79561216084952,164.0290208976042,1
data/answer/frame/0010/frame_1.jpg,272.49192237854004,346.0460662841797,305.8387756347656,415.6552505493164,370.6262683868408,510.77362060546875,281.12597465515137,551.4868927001953,332.5213694572449,662.5411987304688,284.0890860557556,822.1742248535156,341.93126678466797,986.3343811035156,80.20081692691753,143.7123086109914,160.57125570907706,175.49623889077958,1
data/answer/frame/0010/frame_2.jpg,268.18315744400024,351.3616943359375,299.3738794326782,421.1605453491211,328.64450454711914,533.3731079101562,250.65459966659546,539.0548706054688,343.6467218399048,664.3308258056641,312.34482765197754,823.5880279541016,412.52331733703613,988.1492614746094,79.54696780450962,137.54886646637118,166.2403091504624,178.3106122689736,1
data/answer/frame/0010/frame_3.jpg,267.10851430892944,345.4592514038086,295.3035521507263,420.9584045410156,301.2168788909912,536.4676666259766,228.52298498153687,504.1230010986328,354.04107570648193,670.1347351074219,380.4587745666504,832.8049468994141,474.95020866394043,977.9501342773438,63.08303002275347,156.1596644622613,172.78593906073692,171.81922655378366,1
data/answer/frame/0010/frame_4.jpg,270.0286030769348,336.89422607421875,291.59650325775146,412.87994384765625,290.2636170387268,540.7111358642578,232.06502437591553,481.39774322509766,347.7024793624878,648.7946319580078,413.266396522522,812.5929260253906,524.8823833465576,960.1108551025391,45.053866040651506,164.70273912729968,177.53160157208433,163.73217171604068,1
data/answer/frame/0010/frame_5.jpg,270.96482276916504,331.38671875,286.0298252105713,398.69434356689453,279.3861651420593,515.6473541259766,246.07036113739014,473.21006774902344,346.88382625579834,643.8579559326172,436.9551944732666,793.8660430908203,558.4650993347168,929.4921875,41.38529381542843,169.12469977039473,178.67608252629645,157.41120150575998,1
data/answer/frame/0010/frame_6.jpg,273.0002546310425,324.6443176269531,287.34779834747314,391.25526428222656,288.8434839248657,502.15606689453125,251.29502534866333,465.15689849853516,345.4205846786499,633.3338165283203,429.2819309234619,788.7439727783203,598.1315803527832,879.3246459960938,44.649481543713804,146.56354813589348,178.6655110090649,147.71786754318876,1
data/answer/frame/0010/frame_7.jpg,275.9852957725525,321.16661071777344,289.1249656677246,386.71363830566406,295.8550786972046,483.10436248779297,251.99233531951904,472.50980377197266,342.2306442260742,623.5453033447266,417.2818994522095,795.9329223632812,608.1340742111206,821.4579772949219,72.42694912027932,121.14422336938206,178.69677207038302,139.29900954794263,1
data/answer/frame/0010/frame_8.jpg,276.64913177490234,324.8853302001953,283.70776176452637,380.83229064941406,316.90014123916626,477.06451416015625,267.6646327972412,496.1575698852539,340.98326683044434,622.143669128418,400.90596199035645,809.080810546875,561.5232467651367,769.4723510742188,92.16549539090022,93.92042052757898,173.83867319794638,137.0964948028865,1
data/answer/frame/0010/frame_9.jpg,287.64676809310913,339.09515380859375,294.6591567993164,392.79998779296875,339.38703060150146,480.4897689819336,283.1630802154541,541.221809387207,344.3298268318176,635.438117980957,375.05839347839355,822.5536346435547,526.3444662094116,750.4180145263672,110.18264659789307,73.83345640003469,175.8699522756948,133.85011226007083,1
data/answer/frame/0010/frame_10.jpg,291.8365716934204,352.39429473876953,298.9662265777588,409.7629165649414,360.777325630188,493.7559509277344,309.76224660873413,584.715690612793,344.6921181678772,656.5863800048828,313.59962940216064,834.6849060058594,461.44758224487305,741.7434692382812,114.36433595970178,47.942451355728814,176.58879742563732,136.60110062969466,1
data/answer/frame/0010/frame_11.jpg,292.64904499053955,363.6144256591797,309.4541358947754,423.0034637451172,381.4848804473877,489.52903747558594,344.2040205001831,594.0700531005859,352.07061767578125,650.6963348388672,273.0942392349243,828.9083099365234,423.6619520187378,751.6410827636719,113.09771957211615,38.93335259132054,174.801475475432,155.2564319098408,1
data/answer/frame/0010/frame_12.jpg,292.34200716018677,364.46117401123047,318.35806131362915,425.7746124267578,405.7024812698364,466.5165710449219,380.88123321533203,574.4170379638672,342.76944637298584,660.5976867675781,235.94963550567627,802.5201416015625,406.1104345321655,768.3652496337891,102.05192876977799,41.68290564791833,162.94283438635063,155.48982898492474,1
data/answer/frame/0010/frame_13.jpg,291.5677499771118,351.6777038574219,327.57803678512573,411.80931091308594,428.6194896697998,435.0270462036133,396.1839437484741,544.888801574707,357.84629344940186,654.0805053710938,208.2809543609619,764.6209716796875,368.9241600036621,830.6325531005859,86.49233397937957,58.806059043170634,156.20575814857733,176.46897818521515,1
data/answer/frame/0010/frame_14.jpg,293.62255811691284,336.4482116699219,338.6385440826416,394.0296936035156,436.8120288848877,411.234130859375,399.40499782562256,508.7748718261719,359.38437938690186,628.858642578125,200.97869396209717,740.7554626464844,316.5972661972046,877.9178619384766,78.95798022694692,85.10854266576047,147.03111240939907,165.20337360177018,1
data/answer/frame/0010/frame_15.jpg,293.6347246170044,322.6715850830078,339.19440507888794,381.35009765625,437.3386859893799,392.33604431152344,401.3097953796387,489.0617370605469,347.6876735687256,619.2003631591797,204.7969150543213,741.9504547119141,253.26498985290527,907.8153991699219,75.95729473404498,114.37507067406753,144.2182855165783,159.83900797905557,1
data/answer/frame/0010/frame_16.jpg,291.6408133506775,317.1220016479492,341.7613220214844,374.93053436279297,438.0371332168579,391.52217864990234,393.7361812591553,483.1063461303711,349.0895891189575,622.4468994140625,220.15959978103638,752.4639129638672,203.97830486297607,932.1549224853516,73.96408428343238,140.38616257371652,140.7702953272532,153.1990539484253,1
data/answer/frame/0010/frame_17.jpg,287.16811180114746,320.3515625,338.1594157218933,379.7206115722656,434.65115547180176,406.99485778808594,377.5196313858032,493.3586883544922,349.21024560928345,625.9891510009766,240.411479473114,775.5732727050781,196.69132232666016,941.8799591064453,72.29792573475413,158.69918265160106,141.9104623727157,151.65842841645872,1
data/answer/frame/0010/frame_18.jpg,288.8271117210388,329.92950439453125,330.77844858169556,394.32777404785156,419.33599948883057,437.5957489013672,358.60387802124023,516.130256652832,345.17122507095337,644.8924255371094,261.69729709625244,791.2700653076172,221.4714789390564,956.5866088867188,78.32407039194175,163.9812209752333,150.20587521616375,155.06619072287563,1
data/answer/frame/0010/frame_19.jpg,291.27431631088257,341.6236114501953,330.22084951400757,410.9504699707031,408.60660552978516,478.5102844238281,323.51961851119995,545.5659866333008,343.2629084587097,650.1169586181641,278.9233446121216,818.2808685302734,273.41588973999023,982.3686218261719,78.99876949227593,160.98549250577844,153.79485845835524,165.0066496352213,1
data/answer/frame/0011/frame_0.jpg,291.2125825881958,344.2449951171875,328.7413001060486,413.39107513427734,398.6697721481323,489.1096496582031,318.6904835700989,549.611930847168,341.9753408432007,654.2406463623047,286.26980781555176,823.2733154296875,295.89850902557373,986.6266632080078,84.38312826690515,158.3867746612666,154.65439368501725,168.9626144200009,1
data/answer/frame/0011/frame_1.jpg,289.9951171875,360.12325286865234,324.56130266189575,433.4993362426758,369.7314405441284,532.5861358642578,288.6851906776428,560.008659362793,344.6166944503784,662.4839019775391,305.0542616844177,829.2880249023438,362.36605167388916,990.3643035888672,84.18703126361174,147.0713664598617,159.78112070778752,178.09318155258123,1
data/answer/frame/0011/frame_2.jpg,290.4129409790039,360.3690719604492,321.01181745529175,428.3535385131836,342.6644539833069,547.341423034668,264.2203760147095,548.3649826049805,357.7027201652527,670.5499267578125,341.0199809074402,833.436279296875,438.2074213027954,993.0004119873047,80.43411034113416,142.80739598174392,164.38251492327817,174.596177817857,1
data/answer/frame/0011/frame_3.jpg,291.6567134857178,352.5804901123047,313.74648571014404,420.0554656982422,320.0538396835327,542.9462432861328,253.2751178741455,519.3242645263672,343.74802350997925,659.9015808105469,232.46765613555908,781.5254974365234,372.95146465301514,794.4399261474609,67.5814041013222,52.795238690091075,169.00263279768316,174.88303283815873,1
data/answer/frame/0011/frame_4.jpg,289.8889231681824,343.19942474365234,309.9736261367798,415.0574493408203,317.6983880996704,537.9029083251953,254.35572624206543,486.07757568359375,364.7210741043091,653.9482879638672,435.24900913238525,816.0182189941406,541.0973024368286,955.6980895996094,47.11272128049516,166.36266015699405,177.29181764883663,162.601003403308,1
data/answer/frame/0011/frame_5.jpg,296.7086863517761,338.87107849121094,310.7324767112732,414.3193817138672,313.3796453475952,524.8252105712891,257.37220287323,465.9454345703125,359.54704999923706,644.1582489013672,446.29125595092773,795.6962585449219,571.8653726577759,919.7512054443359,42.19556879572979,164.43923694885882,178.53891227463262,154.3798003587423,1
data/answer/frame/0011/frame_6.jpg,298.15362453460693,336.67724609375,308.9959502220154,405.8954620361328,319.6204161643982,517.7008819580078,268.32683801651,473.86234283447266,357.8049874305725,645.4838562011719,440.5388832092285,793.7851715087891,602.421612739563,867.2946929931641,44.05252148824181,143.57852416566917,177.3877097646169,143.71552276526916,1
data/answer/frame/0011/frame_7.jpg,299.691903591156,338.5780334472656,308.039174079895,398.40362548828125,330.0372576713562,506.81270599365234,270.11396169662476,493.6366271972656,355.13009548187256,627.9680633544922,428.3433723449707,800.7240295410156,611.2580108642578,813.1971740722656,66.12844295797649,116.86805480698115,176.35065244533013,137.46643467809838,1
data/answer/frame/0011/frame_8.jpg,296.4276123046875,337.0294189453125,305.7011032104492,401.05804443359375,339.9655079841614,499.6727752685547,272.2738265991211,528.5798263549805,351.72433376312256,629.3123245239258,412.9230737686157,813.7214660644531,581.0734176635742,765.7619476318359,93.9642626345219,92.44003549792689,176.8412629812972,132.15001345984697,1
data/answer/frame/0011/frame_9.jpg,301.2207841873169,345.7115936279297,308.0159568786621,408.92662048339844,355.5356240272522,493.56990814208984,295.33228397369385,556.0202789306641,351.4704895019531,640.4744720458984,383.0462694168091,822.9315185546875,528.4525108337402,744.0752410888672,106.7392176292947,71.34655727978911,175.5062848057961,130.97267136671675,1
data/answer/frame/0011/frame_10.jpg,299.90047216415405,351.42704010009766,316.51259422302246,413.46961975097656,372.527117729187,494.63871002197266,323.38834047317505,581.9478607177734,349.9817132949829,645.2626800537109,336.6130471229553,831.1808776855469,478.657751083374,733.2267761230469,116.01916922520792,51.296991931830114,173.22673738547422,132.57314177616254,1
data/answer/frame/0011/frame_11.jpg,303.2507872581482,357.12608337402344,321.35846614837646,417.7848434448242,389.44666385650635,489.7909927368164,351.3648748397827,586.1393356323242,359.9139332771301,647.0431518554688,294.12814378738403,821.6801452636719,433.74735832214355,749.034423828125,115.03548178329277,41.8700428111213,172.92510970607725,153.64487973388896,1
data/answer/frame/0011/frame_12.jpg,304.7431254386902,352.42408752441406,332.98813819885254,413.8232421875,412.53052711486816,461.1457061767578,377.2830820083618,563.1076812744141,356.6500496864319,642.6068878173828,257.3580837249756,789.757080078125,430.98215103149414,762.5300598144531,101.67998735591772,47.07754719522908,161.20130270307095,154.11289390576061,1
data/answer/frame/0011/frame_13.jpg,307.41857528686523,342.63328552246094,343.7516713142395,404.6637725830078,433.0395984649658,435.7164764404297,399.2790412902832,534.2482376098633,369.75221157073975,642.7008056640625,320.02997875213623,768.6447143554688,431.6273832321167,863.9138031005859,90.26341665727051,108.94296551806008,155.87487501393073,170.6068846761497,1
data/answer/frame/0011/frame_14.jpg,308.6352252960205,333.5828399658203,351.7797589302063,394.6180725097656,448.49234104156494,410.77503204345703,413.70984077453613,505.4184341430664,368.0091190338135,634.2519378662109,231.47897243499756,744.0805053710938,353.39303255081177,871.7800903320312,79.30539762746213,85.14190544281769,148.6187834726022,172.6043167211253,1
data/answer/frame/0011/frame_15.jpg,312.9109239578247,327.93418884277344,356.0111689567566,384.6756362915039,452.312707901001,395.7727813720703,418.4473943710327,488.4993362426758,362.77331829071045,627.2597503662109,234.66311931610107,744.5140075683594,296.66600704193115,910.1613616943359,76.51033671874148,111.9454457536972,144.37678778488544,165.25062654446253,1
data/answer/frame/0011/frame_16.jpg,318.20257902145386,327.1688461303711,366.17109775543213,386.3201904296875,461.5211820602417,397.39601135253906,416.22828483581543,490.0466537475586,367.026572227478,626.1431121826172,253.3669352531433,764.9452972412109,252.03070163726807,935.7556915283203,70.5737450019879,141.13551581316602,141.1642093849562,159.41968745663362,1
data/answer/frame/0011/frame_17.jpg,318.9177632331848,332.1462631225586,369.73852157592773,394.15149688720703,460.02944469451904,412.7466583251953,409.3411445617676,496.49951934814453,375.51844596862793,636.0471343994141,273.21927309036255,781.5534973144531,235.09626388549805,947.5691223144531,70.45433627964576,157.8235252096843,142.03003410705077,154.3671904694463,1
data/answer/frame/0011/frame_18.jpg,318.19616317749023,335.8335876464844,365.1443910598755,404.5501708984375,450.6839847564697,440.1378631591797,389.20166015625,514.5809936523438,376.88435554504395,643.4658813476562,291.2307143211365,788.4884643554688,255.5574631690979,959.1682434082031,73.03596692466982,161.23820450119678,148.47167616080043,156.16467382927564,1
data/answer/frame/0011/frame_19.jpg,317.48531341552734,342.1849822998047,353.3427143096924,415.0086975097656,430.4939031600952,476.6827392578125,356.500039100647,538.186149597168,365.84747314453125,651.7747497558594,303.45611572265625,811.812744140625,305.7863974571228,973.5922241210938,78.37178643449789,157.87627211207797,156.80825399995467,166.40520053283674,1
data/answer/frame/0012/frame_0.jpg,291.2125825881958,344.2449951171875,328.7413001060486,413.39107513427734,398.6697721481323,489.1096496582031,318.6904835700989,549.611930847168,341.9753408432007,654.2406463623047,286.26980781555176,823.2733154296875,295.89850902557373,986.6266632080078,84.38312826690515,158.3867746612666,154.65439368501725,168.9626144200009,1
data/answer/frame/0012/frame_1.jpg,289.9951171875,360.12325286865234,324.56130266189575,433.4993362426758,369.7314405441284,532.5861358642578,288.6851906776428,560.008659362793,344.6166944503784,662.4839019775391,305.0542616844177,829.2880249023438,362.36605167388916,990.3643035888672,84.18703126361174,147.0713664598617,159.78112070778752,178.09318155258123,1
data/answer/frame/0012/frame_2.jpg,290.4129409790039,360.3690719604492,321.01181745529175,428.3535385131836,342.6644539833069,547.341423034668,264.2203760147095,548.3649826049805,357.7027201652527,670.5499267578125,341.0199809074402,833.436279296875,438.2074213027954,993.0004119873047,80.43411034113416,142.80739598174392,164.38251492327817,174.596177817857,1
data/answer/frame/0012/frame_3.jpg,291.6567134857178,352.5804901123047,313.74648571014404,420.0554656982422,320.0538396835327,542.9462432861328,253.2751178741455,519.3242645263672,343.74802350997925,659.9015808105469,232.46765613555908,781.5254974365234,372.95146465301514,794.4399261474609,67.5814041013222,52.795238690091075,169.00263279768316,174.88303283815873,1
data/answer/frame/0012/frame_4.jpg,289.8889231681824,343.19942474365234,309.9736261367798,415.0574493408203,317.6983880996704,537.9029083251953,254.35572624206543,486.07757568359375,364.7210741043091,653.9482879638672,435.24900913238525,816.0182189941406,541.0973024368286,955.6980895996094,47.11272128049516,166.36266015699405,177.29181764883663,162.601003403308,1
data/answer/frame/0012/frame_5.jpg,296.7086863517761,338.87107849121094,310.7324767112732,414.3193817138672,313.3796453475952,524.8252105712891,257.37220287323,465.9454345703125,359.54704999923706,644.1582489013672,446.29125595092773,795.6962585449219,571.8653726577759,919.7512054443359,42.19556879572979,164.43923694885882,178.53891227463262,154.3798003587423,1
data/answer/frame/0012/frame_6.jpg,298.15362453460693,336.67724609375,308.9959502220154,405.8954620361328,319.6204161643982,517.7008819580078,268.32683801651,473.86234283447266,357.8049874305725,645.4838562011719,440.5388832092285,793.7851715087891,602.421612739563,867.2946929931641,44.05252148824181,143.57852416566917,177.3877097646169,143.71552276526916,1
data/answer/frame/0012/frame_7.jpg,299.691903591156,338.5780334472656,308.039174079895,398.40362548828125,330.0372576713562,506.81270599365234,270.11396169662476,493.6366271972656,355.13009548187256,627.9680633544922,428.3433723449707,800.7240295410156,611.2580108642578,813.1971740722656,66.12844295797649,116.86805480698115,176.35065244533013,137.46643467809838,1
data/answer/frame/0012/frame_8.jpg,296.4276123046875,337.0294189453125,305.7011032104492,401.05804443359375,339.9655079841614,499.6727752685547,272.2738265991211,528.5798263549805,351.72433376312256,629.3123245239258,412.9230737686157,813.7214660644531,581.0734176635742,765.7619476318359,93.9642626345219,92.44003549792689,176.8412629812972,132.15001345984697,1
data/answer/frame/0012/frame_9.jpg,301.2207841873169,345.7115936279297,308.0159568786621,408.92662048339844,355.5356240272522,493.56990814208984,295.33228397369385,556.0202789306641,351.4704895019531,640.4744720458984,383.0462694168091,822.9315185546875,528.4525108337402,744.0752410888672,106.7392176292947,71.34655727978911,175.5062848057961,130.97267136671675,1
data/answer/frame/0012/frame_10.jpg,299.90047216415405,351.42704010009766,316.51259422302246,413.46961975097656,372.527117729187,494.63871002197266,323.38834047317505,581.9478607177734,349.9817132949829,645.2626800537109,336.6130471229553,831.1808776855469,478.657751083374,733.2267761230469,116.01916922520792,51.296991931830114,173.22673738547422,132.57314177616254,1
data/answer/frame/0012/frame_11.jpg,303.2507872581482,357.12608337402344,321.35846614837646,417.7848434448242,389.44666385650635,489.7909927368164,351.3648748397827,586.1393356323242,359.9139332771301,647.0431518554688,294.12814378738403,821.6801452636719,433.74735832214355,749.034423828125,115.03548178329277,41.8700428111213,172.92510970607725,153.64487973388896,1
data/answer/frame/0012/frame_12.jpg,304.7431254386902,352.42408752441406,332.98813819885254,413.8232421875,412.53052711486816,461.1457061767578,377.2830820083618,563.1076812744141,356.6500496864319,642.6068878173828,257.3580837249756,789.757080078125,430.98215103149414,762.5300598144531,101.67998735591772,47.07754719522908,161.20130270307095,154.11289390576061,1
data/answer/frame/0012/frame_13.jpg,307.41857528686523,342.63328552246094,343.7516713142395,404.6637725830078,433.0395984649658,435.7164764404297,399.2790412902832,534.2482376098633,369.75221157073975,642.7008056640625,320.02997875213623,768.6447143554688,431.6273832321167,863.9138031005859,90.26341665727051,108.94296551806008,155.87487501393073,170.6068846761497,1
data/answer/frame/0012/frame_14.jpg,308.6352252960205,333.5828399658203,351.7797589302063,394.6180725097656,448.49234104156494,410.77503204345703,413.70984077453613,505.4184341430664,368.0091190338135,634.2519378662109,231.47897243499756,744.0805053710938,353.39303255081177,871.7800903320312,79.30539762746213,85.14190544281769,148.6187834726022,172.6043167211253,1
data/answer/frame/0012/frame_15.jpg,312.9109239578247,327.93418884277344,356.0111689567566,384.6756362915039,452.312707901001,395.7727813720703,418.4473943710327,488.4993362426758,362.77331829071045,627.2597503662109,234.66311931610107,744.5140075683594,296.66600704193115,910.1613616943359,76.51033671874148,111.9454457536972,144.37678778488544,165.25062654446253,1
data/answer/frame/0012/frame_16.jpg,318.20257902145386,327.1688461303711,366.17109775543213,386.3201904296875,461.5211820602417,397.39601135253906,416.22828483581543,490.0466537475586,367.026572227478,626.1431121826172,253.3669352531433,764.9452972412109,252.03070163726807,935.7556915283203,70.5737450019879,141.13551581316602,141.1642093849562,159.41968745663362,1
data/answer/frame/0012/frame_17.jpg,318.9177632331848,332.1462631225586,369.73852157592773,394.15149688720703,460.02944469451904,412.7466583251953,409.3411445617676,496.49951934814453,375.51844596862793,636.0471343994141,273.21927309036255,781.5534973144531,235.09626388549805,947.5691223144531,70.45433627964576,157.8235252096843,142.03003410705077,154.3671904694463,1
data/answer/frame/0012/frame_18.jpg,318.19616317749023,335.8335876464844,365.1443910598755,404.5501708984375,450.6839847564697,440.1378631591797,389.20166015625,514.5809936523438,376.88435554504395,643.4658813476562,291.2307143211365,788.4884643554688,255.5574631690979,959.1682434082031,73.03596692466982,161.23820450119678,148.47167616080043,156.16467382927564,1
data/answer/frame/0012/frame_19.jpg,317.48531341552734,342.1849822998047,353.3427143096924,415.0086975097656,430.4939031600952,476.6827392578125,356.500039100647,538.186149597168,365.84747314453125,651.7747497558594,303.45611572265625,811.812744140625,305.7863974571228,973.5922241210938,78.37178643449789,157.87627211207797,156.80825399995467,166.40520053283674,1
data/answer/frame/0013/frame_0.jpg,316.8969655036926,341.15234375,353.161461353302,413.54705810546875,431.20234966278076,477.4153137207031,355.35409212112427,539.0278244018555,368.0175733566284,651.0776519775391,303.3271551132202,811.0582733154297,305.1012969017029,972.4111938476562,78.38411280145908,157.35339503948066,156.97130104930795,165.34293759420083,1
data/answer/frame/0013/frame_1.jpg,314.4215440750122,356.0846710205078,344.35967445373535,433.9213562011719,404.19568061828613,521.0742950439453,318.7742328643799,551.7741775512695,370.14008045196533,665.4778289794922,324.87924098968506,825.9299468994141,368.41612815856934,981.0409545898438,75.29602723462762,148.5686532462162,165.31476283055554,173.33411161230532,1
data/answer/frame/0013/frame_2.jpg,308.6876893043518,361.05804443359375,332.95644521713257,430.4895782470703,363.5731315612793,542.336311340332,285.11399030685425,552.8005981445312,376.7661666870117,665.6632232666016,356.9767212867737,833.4306335449219,433.48583221435547,980.2854919433594,82.28784555666601,145.75379549163736,171.28617307851354,179.66695087324393,1
data/answer/frame/0013/frame_3.jpg,300.42850255966187,353.3378219604492,318.8074278831482,424.00421142578125,331.86922788619995,538.9666748046875,266.7274260520935,530.040397644043,357.9355573654175,667.8290557861328,399.01991844177246,833.2735443115234,488.538236618042,971.1997985839844,75.7154118351994,160.96120730272014,174.53837075236947,165.8247596931193,1
data/answer/frame/0013/frame_4.jpg,291.47372245788574,343.1986618041992,304.5500707626343,411.3413619995117,315.06304264068604,531.4070892333984,254.10977840423584,498.6457061767578,358.8198494911194,655.9882354736328,425.7916259765625,813.8311004638672,527.5734329223633,951.5083312988281,56.73863295000934,166.51650218200592,178.35547024953135,162.77927361847375,1
data/answer/frame/0013/frame_5.jpg,285.3078603744507,335.00526428222656,298.3630299568176,410.6391906738281,296.61811351776123,527.0877838134766,252.53989219665527,480.0395202636719,346.11993312835693,643.5636138916016,436.0267639160156,788.7893676757812,549.2491579055786,918.9958953857422,43.991727358700466,170.75203760478536,178.20644992385445,155.1783783061221,1
data/answer/frame/0013/frame_6.jpg,274.2341995239258,330.2344512939453,283.3532166481018,394.29500579833984,283.0272316932678,500.02330780029297,259.92055892944336,473.5847473144531,331.6784906387329,635.6032562255859,416.11576080322266,780.0341033935547,572.8406238555908,859.7324371337891,41.32934109840273,147.26586528654522,176.7771644194704,144.2279629183385,1
data/answer/frame/0013/frame_7.jpg,264.69019174575806,325.0690460205078,271.5679121017456,387.90699005126953,277.93363094329834,492.7062225341797,245.56434631347656,482.17445373535156,316.729896068573,626.8561935424805,394.8557138442993,786.9361877441406,573.5746049880981,807.9598999023438,68.50103545012063,122.72352781069344,175.54346463460587,135.89082937290516,1
data/answer/frame/0013/frame_8.jpg,254.84086275100708,327.0112609863281,261.6020464897156,385.52459716796875,285.20413398742676,487.9956817626953,232.88084506988525,505.04356384277344,303.89041900634766,625.428581237793,367.7970314025879,799.8489379882812,523.8901805877686,758.0254364013672,95.07587470722297,95.12306723013502,176.59431581303636,131.07489176032877,1
data/answer/frame/0013/frame_9.jpg,255.16686916351318,338.3714294433594,256.0816955566406,397.49202728271484,301.2096047401428,493.3885192871094,238.5210371017456,545.5941772460938,302.08035707473755,635.0034713745117,336.43303871154785,813.4785461425781,481.67083740234375,731.9064331054688,104.58559072725654,71.57444955366645,169.92578160134687,129.3110326218675,1
data/answer/frame/0013/frame_10.jpg,251.16906881332397,354.9510192871094,266.23947858810425,419.82025146484375,314.2861247062683,503.7827682495117,259.3346357345581,584.219856262207,300.30911207199097,644.8105621337891,293.73767852783203,830.5511474609375,420.91309547424316,732.3805236816406,115.88074719928667,50.30808465565364,175.53177767659503,134.59393482874773,1
data/answer/frame/0013/frame_11.jpg,253.73926877975464,366.0812759399414,267.8586530685425,428.77288818359375,332.0685052871704,506.9914245605469,293.03826570510864,598.9788055419922,311.0726022720337,659.1767120361328,244.94964838027954,833.6370086669922,390.257248878479,751.9135284423828,117.62580625799148,39.888427957599944,177.93047134171505,150.13000715996034,1
data/answer/frame/0013/frame_12.jpg,254.35634851455688,369.5580291748047,283.0578088760376,434.6685028076172,360.5745506286621,481.57073974609375,326.0354232788086,581.8587493896484,307.2964382171631,664.3476867675781,202.76257753372192,808.1777954101562,373.958215713501,783.3468627929688,102.17275606800303,45.737964307911696,162.23582347672263,156.76729422258742,1
data/answer/frame/0013/frame_13.jpg,260.20719051361084,362.7725601196289,298.11283349990845,427.0528030395508,387.76463985443115,458.2678985595703,345.68309783935547,557.7382659912109,313.81678104400635,654.9648284912109,183.0840253829956,780.4363250732422,345.4602599143982,844.1580200195312,86.26608245313821,65.25022401114481,153.41407500027614,174.44654385753321,1
data/answer/frame/0013/frame_14.jpg,269.2555904388428,352.10777282714844,308.8099980354309,411.8821716308594,403.9442825317383,432.2453308105469,360.8983039855957,528.480110168457,317.81917333602905,644.3973541259766,183.3282995223999,757.8999328613281,299.21743154525757,891.1492156982422,77.98260318698686,89.14841523473632,148.72517575190693,173.4699230753421,1
data/answer/frame/0013/frame_15.jpg,276.80349826812744,343.7348937988281,316.40438318252563,408.2987594604492,416.2759208679199,411.04949951171875,376.8145751953125,504.3700408935547,319.9788236618042,641.8295288085938,189.4260549545288,757.3035430908203,244.12410736083984,925.1368713378906,68.65622151113223,113.4416311988378,149.35362278060992,164.13389924870447,1
data/answer/frame/0013/frame_16.jpg,286.14612579345703,338.63067626953125,328.71381282806396,403.39378356933594,424.9428462982178,411.0629653930664,385.449914932251,502.4185562133789,329.6958875656128,638.1833648681641,212.33943700790405,771.9132995605469,201.546893119812,942.6138305664062,71.17789995641255,142.34871857950654,146.92341776050677,156.93184771231574,1
data/answer/frame/0013/frame_17.jpg,288.60650539398193,338.53668212890625,337.2653603553772,403.16741943359375,429.94617462158203,424.9114990234375,382.8904867172241,515.1902008056641,339.63733434677124,648.1517791748047,243.32098960876465,781.9843292236328,196.67986392974854,950.0346374511719,75.67377265103613,159.76986700783974,143.57955865347773,154.1052455244541,1
data/answer/frame/0013/frame_18.jpg,293.7479782104492,344.21722412109375,343.6688017845154,412.8870391845703,428.3638000488281,455.74573516845703,363.8179636001587,532.9061889648438,352.1264719963074,646.5803527832031,257.7727746963501,800.5201721191406,220.20642042160034,962.5680541992188,76.92807085125179,161.54669346878805,146.05671748349312,155.26750155688137,1
